{"stats":{"minecraft:killed":{"minecraft:salmon":1},"minecraft:custom":{"minecraft:time_since_rest":3898,"minecraft:sprint_one_cm":32121,"minecraft:damage_taken":405,"minecraft:walk_one_cm":26330,"minecraft:mob_kills":2,"minecraft:drop":3,"minecraft:damage_dealt":186,"minecraft:interact_with_crafting_table":1,"minecraft:swim_one_cm":9229,"minecraft:fly_one_cm":31251,"minecraft:open_chest":1,"minecraft:crouch_one_cm":324,"minecraft:play_time":12732,"minecraft:deaths":1,"minecraft:sneak_time":672,"minecraft:walk_under_water_one_cm":466,"minecraft:jump":223,"minecraft:leave_game":3,"minecraft:walk_on_water_one_cm":1353,"minecraft:time_since_death":3841,"minecraft:total_world_time":12732,"minecraft:fall_one_cm":4617},"minecraft:crafted":{"minecraft:wooden_sword":1,"minecraft:crafting_table":1,"minecraft:stick":4,"minecraft:wooden_pickaxe":1,"minecraft:birch_planks":28},"minecraft:killed_by":{"minecraft:skeleton":1},"minecraft:dropped":{"minecraft:birch_planks":1,"minecraft:rotten_flesh":1,"minecraft:bone":1},"minecraft:mined":{"minecraft:white_bed":1,"minecraft:birch_log":7},"minecraft:used":{"minecraft:jungle_boat":1,"minecraft:salmon":1,"minecraft:wooden_sword":19,"minecraft:crafting_table":1,"minecraft:white_bed":1},"minecraft:picked_up":{"minecraft:birch_log":7,"minecraft:stick":1,"minecraft:jungle_boat":1,"minecraft:salmon":2,"minecraft:wooden_pickaxe":1,"minecraft:birch_planks":17,"minecraft:white_bed":1,"minecraft:wooden_sword":1,"minecraft:bone":2,"minecraft:rotten_flesh":1}},"DataVersion":3955}