{"stats":{"minecraft:killed_by":{"minecraft:skeleton":1},"minecraft:dropped":{"minecraft:porkchop":1,"minecraft:birch_planks":1,"minecraft:wheat_seeds":21,"minecraft:crafting_table":3,"minecraft:rotten_flesh":1,"minecraft:coal":2,"minecraft:dandelion":2,"minecraft:bone":1},"minecraft:mined":{"minecraft:white_bed":4,"minecraft:dandelion":1,"minecraft:oak_fence":1,"minecraft:crafting_table":1,"minecraft:granite":18,"minecraft:short_grass":81,"minecraft:grass_block":14,"minecraft:copper_ore":1,"minecraft:oak_planks":8,"minecraft:diorite":5,"minecraft:oxeye_daisy":1,"minecraft:seagrass":2,"minecraft:birch_planks":1,"minecraft:tall_seagrass":1,"minecraft:birch_log":7,"minecraft:coal_ore":1,"minecraft:oak_log":27,"minecraft:gravel":1,"minecraft:dirt":5,"minecraft:stone":106,"minecraft:white_wool":2,"minecraft:oak_leaves":7},"minecraft:custom":{"minecraft:interact_with_furnace":8,"minecraft:mob_kills":4,"minecraft:interact_with_crafting_table":22,"minecraft:leave_game":44,"minecraft:time_since_death":18611,"minecraft:sleep_in_bed":3,"minecraft:time_since_rest":15924,"minecraft:sprint_one_cm":181348,"minecraft:damage_taken":780,"minecraft:walk_one_cm":222183,"minecraft:drop":30,"minecraft:damage_dealt":364,"minecraft:swim_one_cm":9229,"minecraft:fly_one_cm":226848,"minecraft:open_chest":5,"minecraft:crouch_one_cm":2150,"minecraft:play_time":88572,"minecraft:deaths":2,"minecraft:sneak_time":1724,"minecraft:walk_under_water_one_cm":466,"minecraft:jump":1265,"minecraft:walk_on_water_one_cm":7815,"minecraft:total_world_time":88572,"minecraft:fall_one_cm":25257},"minecraft:killed":{"minecraft:salmon":1,"minecraft:sheep":1,"minecraft:zombie":1},"minecraft:used":{"minecraft:oak_fence":16,"minecraft:cooked_mutton":5,"minecraft:stone_sword":2,"minecraft:stone_pickaxe":87,"minecraft:oak_planks":211,"minecraft:wooden_pickaxe":45,"minecraft:jungle_boat":1,"minecraft:salmon":1,"minecraft:torch":2,"minecraft:dirt":22,"minecraft:mutton":1,"minecraft:crafting_table":1,"minecraft:white_bed":4,"minecraft:oak_fence_gate":1,"minecraft:birch_fence":6,"minecraft:oak_stairs":1,"minecraft:oak_button":3,"minecraft:gravel":1,"minecraft:birch_button":1,"minecraft:wooden_sword":46,"minecraft:cobblestone":4,"minecraft:oak_sapling":1,"minecraft:porkchop":3},"minecraft:picked_up":{"minecraft:birch_log":7,"minecraft:crafting_table":1,"minecraft:jungle_boat":1,"minecraft:salmon":2,"minecraft:wooden_pickaxe":2,"minecraft:oak_stairs":3,"minecraft:birch_planks":18,"minecraft:oak_log":27,"minecraft:dirt":22,"minecraft:raw_copper":5,"minecraft:wooden_sword":2,"minecraft:cooked_mutton":8,"minecraft:bone":3,"minecraft:wheat_seeds":38,"minecraft:oak_planks":167,"minecraft:stick":6,"minecraft:oak_fence":5,"minecraft:torch":9,"minecraft:dandelion":4,"minecraft:gravel":2,"minecraft:porkchop":4,"minecraft:white_bed":4,"minecraft:diorite":5,"minecraft:rotten_flesh":1,"minecraft:granite":17,"minecraft:oak_sapling":1,"minecraft:mutton":1,"minecraft:coal":3,"minecraft:white_wool":3,"minecraft:cobblestone":149,"minecraft:oxeye_daisy":2},"minecraft:crafted":{"minecraft:wooden_sword":1,"minecraft:oak_planks":108,"minecraft:crafting_table":3,"minecraft:wooden_pickaxe":2,"minecraft:birch_planks":28,"minecraft:oak_fence_gate":1,"minecraft:birch_fence":6,"minecraft:stick":24,"minecraft:stone_pickaxe":1,"minecraft:oak_stairs":4,"minecraft:stone_sword":1,"minecraft:oak_button":3,"minecraft:birch_button":1,"minecraft:oak_fence":15}},"DataVersion":3955}