{"stats":{"minecraft:killed_by":{"minecraft:skeleton":1},"minecraft:dropped":{"minecraft:porkchop":1,"minecraft:birch_planks":1,"minecraft:wheat_seeds":4,"minecraft:crafting_table":3,"minecraft:rotten_flesh":1,"minecraft:bone":1},"minecraft:mined":{"minecraft:white_bed":4,"minecraft:dandelion":1,"minecraft:oak_fence":1,"minecraft:crafting_table":1,"minecraft:short_grass":78,"minecraft:grass_block":13,"minecraft:oak_planks":8,"minecraft:oxeye_daisy":1,"minecraft:seagrass":2,"minecraft:tall_seagrass":1,"minecraft:birch_planks":1,"minecraft:birch_log":7,"minecraft:oak_log":27,"minecraft:gravel":1,"minecraft:dirt":5,"minecraft:stone":42,"minecraft:white_wool":2,"minecraft:oak_leaves":7},"minecraft:custom":{"minecraft:interact_with_furnace":8,"minecraft:mob_kills":4,"minecraft:interact_with_crafting_table":19,"minecraft:leave_game":24,"minecraft:time_since_death":57916,"minecraft:sleep_in_bed":2,"minecraft:time_since_rest":8344,"minecraft:sprint_one_cm":140526,"minecraft:damage_taken":480,"minecraft:walk_one_cm":180810,"minecraft:drop":9,"minecraft:damage_dealt":358,"minecraft:swim_one_cm":9229,"minecraft:fly_one_cm":151253,"minecraft:open_chest":4,"minecraft:crouch_one_cm":1946,"minecraft:play_time":66807,"minecraft:deaths":1,"minecraft:sneak_time":1678,"minecraft:walk_under_water_one_cm":466,"minecraft:jump":877,"minecraft:walk_on_water_one_cm":3636,"minecraft:total_world_time":66807,"minecraft:fall_one_cm":16523},"minecraft:killed":{"minecraft:salmon":1,"minecraft:sheep":1,"minecraft:zombie":1},"minecraft:used":{"minecraft:oak_fence":16,"minecraft:cooked_mutton":3,"minecraft:oak_planks":211,"minecraft:wooden_pickaxe":43,"minecraft:jungle_boat":1,"minecraft:salmon":1,"minecraft:dirt":9,"minecraft:mutton":1,"minecraft:crafting_table":1,"minecraft:white_bed":4,"minecraft:oak_fence_gate":1,"minecraft:birch_fence":6,"minecraft:oak_stairs":1,"minecraft:oak_button":3,"minecraft:birch_button":1,"minecraft:wooden_sword":44,"minecraft:cobblestone":4,"minecraft:oak_sapling":1,"minecraft:porkchop":3},"minecraft:picked_up":{"minecraft:birch_log":7,"minecraft:crafting_table":1,"minecraft:jungle_boat":1,"minecraft:salmon":2,"minecraft:wooden_pickaxe":1,"minecraft:birch_planks":18,"minecraft:oak_log":27,"minecraft:dirt":21,"minecraft:wooden_sword":1,"minecraft:cooked_mutton":6,"minecraft:bone":2,"minecraft:wheat_seeds":21,"minecraft:oak_planks":167,"minecraft:stick":3,"minecraft:oak_fence":3,"minecraft:dandelion":2,"minecraft:gravel":1,"minecraft:porkchop":4,"minecraft:white_bed":4,"minecraft:rotten_flesh":1,"minecraft:oak_sapling":1,"minecraft:mutton":1,"minecraft:white_wool":3,"minecraft:cobblestone":42,"minecraft:oxeye_daisy":1},"minecraft:crafted":{"minecraft:wooden_sword":1,"minecraft:oak_planks":108,"minecraft:crafting_table":3,"minecraft:wooden_pickaxe":2,"minecraft:birch_planks":28,"minecraft:oak_fence_gate":1,"minecraft:birch_fence":6,"minecraft:stick":24,"minecraft:oak_stairs":4,"minecraft:oak_button":3,"minecraft:birch_button":1,"minecraft:oak_fence":15}},"DataVersion":3955}