{"stats":{"minecraft:killed":{"minecraft:salmon":1,"minecraft:sheep":1,"minecraft:zombie":1},"minecraft:mined":{"minecraft:white_bed":3,"minecraft:dandelion":1,"minecraft:oak_fence":1,"minecraft:crafting_table":1,"minecraft:short_grass":78,"minecraft:grass_block":13,"minecraft:oak_planks":8,"minecraft:oxeye_daisy":1,"minecraft:birch_planks":1,"minecraft:birch_log":7,"minecraft:oak_log":27,"minecraft:dirt":5,"minecraft:stone":29,"minecraft:white_wool":2,"minecraft:oak_leaves":7},"minecraft:crafted":{"minecraft:wooden_sword":1,"minecraft:oak_planks":108,"minecraft:crafting_table":3,"minecraft:wooden_pickaxe":2,"minecraft:birch_planks":28,"minecraft:oak_fence_gate":1,"minecraft:birch_fence":6,"minecraft:stick":24,"minecraft:oak_stairs":4,"minecraft:oak_button":3,"minecraft:oak_fence":15},"minecraft:used":{"minecraft:oak_fence":16,"minecraft:cooked_mutton":3,"minecraft:oak_planks":211,"minecraft:wooden_pickaxe":29,"minecraft:jungle_boat":1,"minecraft:salmon":1,"minecraft:dirt":9,"minecraft:mutton":1,"minecraft:crafting_table":1,"minecraft:white_bed":3,"minecraft:oak_fence_gate":1,"minecraft:birch_fence":6,"minecraft:oak_stairs":1,"minecraft:wooden_sword":39,"minecraft:cobblestone":2,"minecraft:oak_sapling":1,"minecraft:porkchop":3},"minecraft:killed_by":{"minecraft:skeleton":1},"minecraft:picked_up":{"minecraft:birch_log":7,"minecraft:crafting_table":1,"minecraft:jungle_boat":1,"minecraft:salmon":2,"minecraft:wooden_pickaxe":1,"minecraft:birch_planks":18,"minecraft:oak_log":27,"minecraft:dirt":21,"minecraft:wooden_sword":1,"minecraft:cooked_mutton":6,"minecraft:bone":2,"minecraft:wheat_seeds":21,"minecraft:oak_planks":167,"minecraft:stick":3,"minecraft:oak_fence":3,"minecraft:dandelion":2,"minecraft:porkchop":4,"minecraft:white_bed":3,"minecraft:rotten_flesh":1,"minecraft:oak_sapling":1,"minecraft:mutton":1,"minecraft:white_wool":3,"minecraft:cobblestone":29,"minecraft:oxeye_daisy":1},"minecraft:dropped":{"minecraft:birch_planks":1,"minecraft:porkchop":1,"minecraft:wheat_seeds":4,"minecraft:crafting_table":3,"minecraft:rotten_flesh":1,"minecraft:bone":1},"minecraft:custom":{"minecraft:interact_with_furnace":8,"minecraft:mob_kills":4,"minecraft:interact_with_crafting_table":15,"minecraft:leave_game":15,"minecraft:time_since_death":42930,"minecraft:sleep_in_bed":1,"minecraft:time_since_rest":22684,"minecraft:sprint_one_cm":111852,"minecraft:damage_taken":460,"minecraft:walk_one_cm":151423,"minecraft:drop":9,"minecraft:damage_dealt":318,"minecraft:swim_one_cm":9229,"minecraft:fly_one_cm":97901,"minecraft:open_chest":3,"minecraft:crouch_one_cm":1345,"minecraft:play_time":51821,"minecraft:deaths":1,"minecraft:sneak_time":1488,"minecraft:walk_under_water_one_cm":466,"minecraft:jump":652,"minecraft:walk_on_water_one_cm":2137,"minecraft:total_world_time":51821,"minecraft:fall_one_cm":10776}},"DataVersion":3955}