{"stats":{"minecraft:used":{"minecraft:stone_sword":101,"minecraft:flint_and_steel":1,"minecraft:stone_shovel":50,"minecraft:shield":44,"minecraft:iron_sword":37,"minecraft:wooden_shovel":24,"minecraft:orange_bed":3,"minecraft:torch":28,"minecraft:dirt":3,"minecraft:obsidian":11,"minecraft:wooden_axe":84,"minecraft:iron_axe":2,"minecraft:basalt":29,"minecraft:furnace":7,"minecraft:cooked_beef":12,"minecraft:cobbled_deepslate":82,"minecraft:cooked_mutton":2,"minecraft:water_bucket":12,"minecraft:stone_pickaxe":154,"minecraft:wooden_pickaxe":21,"minecraft:crafting_table":6,"minecraft:red_bed":2,"minecraft:white_bed":1,"minecraft:diamond_pickaxe":35,"minecraft:bread":5,"minecraft:melon_slice":43,"minecraft:iron_pickaxe":250,"minecraft:stone_axe":1,"minecraft:diamond_sword":134,"minecraft:wooden_sword":9,"minecraft:cobblestone":77,"minecraft:cooked_porkchop":7,"minecraft:bucket":14,"minecraft:andesite":8},"minecraft:custom":{"minecraft:mob_kills":87,"minecraft:interact_with_crafting_table":50,"minecraft:time_since_death":159798,"minecraft:climb_one_cm":3532,"minecraft:sprint_one_cm":583541,"minecraft:walk_one_cm":536710,"minecraft:damage_blocked_by_shield":1015,"minecraft:drop":127,"minecraft:play_time":159798,"minecraft:sneak_time":6959,"minecraft:walk_under_water_one_cm":15669,"minecraft:jump":3207,"minecraft:walk_on_water_one_cm":44839,"minecraft:total_world_time":159798,"minecraft:interact_with_furnace":87,"minecraft:sleep_in_bed":2,"minecraft:time_since_rest":116887,"minecraft:damage_taken":1678,"minecraft:damage_dealt":10230,"minecraft:swim_one_cm":21578,"minecraft:fly_one_cm":408061,"minecraft:open_chest":21,"minecraft:crouch_one_cm":10838,"minecraft:interact_with_smoker":1,"minecraft:fall_one_cm":60204},"minecraft:mined":{"minecraft:tuff":1,"minecraft:deepslate_diamond_ore":7,"minecraft:obsidian":21,"minecraft:cave_vines_plant":1,"minecraft:grass_block":6,"minecraft:jungle_log":10,"minecraft:moss_block":3,"minecraft:hay_block":34,"minecraft:furnace":4,"minecraft:iron_ore":52,"minecraft:cobbled_deepslate":3,"minecraft:andesite":7,"minecraft:deepslate_lapis_ore":7,"minecraft:pointed_dripstone":2,"minecraft:deepslate_iron_ore":22,"minecraft:vine":7,"minecraft:stone":154,"minecraft:orange_bed":2,"minecraft:red_bed":1,"minecraft:basalt":28,"minecraft:crafting_table":5,"minecraft:clay":1,"minecraft:torch":2,"minecraft:short_grass":27,"minecraft:melon":22,"minecraft:nether_quartz_ore":1,"minecraft:cobblestone":9,"minecraft:tall_grass":2,"minecraft:lapis_ore":4,"minecraft:deepslate_gold_ore":8,"minecraft:diorite":1,"minecraft:wall_torch":3,"minecraft:oak_log":2,"minecraft:coal_ore":36,"minecraft:gravel":47,"minecraft:acacia_fence":1,"minecraft:dripstone_block":2,"minecraft:dirt":17,"minecraft:netherrack":24,"minecraft:oak_leaves":1,"minecraft:deepslate":59,"minecraft:fern":2},"minecraft:killed":{"minecraft:spider":7,"minecraft:skeleton":16,"minecraft:magma_cube":15,"minecraft:wolf":1,"minecraft:pig":11,"minecraft:salmon":4,"minecraft:creeper":5,"minecraft:sheep":9,"minecraft:zombie":10,"minecraft:cow":8},"minecraft:dropped":{"minecraft:iron_ingot":94,"minecraft:moss_block":1,"minecraft:lapis_lazuli":4,"minecraft:diamond":17,"minecraft:crafting_table":1,"minecraft:dripstone_block":2,"minecraft:cobblestone":12,"minecraft:amethyst_block":4,"minecraft:jungle_planks":5,"minecraft:tropical_fish":1,"minecraft:diorite":3,"minecraft:torch":1,"minecraft:wooden_axe":2,"minecraft:melon_slice":26,"minecraft:wooden_sword":1,"minecraft:amethyst_shard":8,"minecraft:string":4,"minecraft:gravel":9,"minecraft:stone_axe":1,"minecraft:stone_sword":3,"minecraft:cobbled_deepslate":38,"minecraft:raw_copper":1,"minecraft:tuff":2,"minecraft:wheat":4,"minecraft:pointed_dripstone":3,"minecraft:stone_shovel":1,"minecraft:rotten_flesh":29,"minecraft:clay_ball":65,"minecraft:iron_boots":1,"minecraft:diamond_sword":1,"minecraft:gunpowder":5,"minecraft:iron_chestplate":1,"minecraft:oak_sapling":2,"minecraft:azalea":2,"minecraft:wooden_shovel":3,"minecraft:spider_eye":3,"minecraft:bamboo":7,"minecraft:stone_pickaxe":3,"minecraft:wooden_pickaxe":2},"minecraft:crafted":{"minecraft:wooden_sword":1,"minecraft:oak_planks":8,"minecraft:stone_shovel":2,"minecraft:furnace":3,"minecraft:cooked_mutton":6,"minecraft:flint_and_steel":1,"minecraft:iron_boots":2,"minecraft:iron_axe":1,"minecraft:stone_pickaxe":2,"minecraft:wheat":297,"minecraft:cooked_beef":12,"minecraft:wooden_shovel":1,"minecraft:diamond_sword":1,"minecraft:cooked_porkchop":6,"minecraft:crafting_table":2,"minecraft:wooden_pickaxe":1,"minecraft:iron_helmet":1,"minecraft:iron_sword":1,"minecraft:cooked_salmon":3,"minecraft:stone_axe":2,"minecraft:bread":98,"minecraft:air":0,"minecraft:jungle_planks":44,"minecraft:iron_chestplate":2,"minecraft:diamond_pickaxe":1,"minecraft:shield":1,"minecraft:stick":20,"minecraft:iron_ingot":68,"minecraft:iron_pickaxe":2,"minecraft:wooden_axe":1,"minecraft:stone_sword":2,"minecraft:gold_ingot":6,"minecraft:iron_shovel":1,"minecraft:iron_leggings":1,"minecraft:torch":24},"minecraft:picked_up":{"minecraft:wooden_axe":2,"minecraft:cocoa_beans":3,"minecraft:crafting_table":5,"minecraft:clay_ball":9,"minecraft:diamond_sword":1,"minecraft:wooden_pickaxe":1,"minecraft:amethyst_block":4,"minecraft:string":5,"minecraft:red_bed":2,"minecraft:raw_copper":1,"minecraft:cobbled_deepslate":136,"minecraft:bucket":1,"minecraft:beef":15,"minecraft:azalea":2,"minecraft:wooden_shovel":2,"minecraft:melon_slice":108,"minecraft:furnace":4,"minecraft:stick":17,"minecraft:raw_iron":122,"minecraft:acacia_fence":1,"minecraft:torch":9,"minecraft:porkchop":24,"minecraft:pointed_dripstone":6,"minecraft:diorite":3,"minecraft:orange_bed":3,"minecraft:stone_sword":2,"minecraft:arrow":24,"minecraft:rotten_flesh":29,"minecraft:tropical_fish":1,"minecraft:hay_block":33,"minecraft:obsidian":21,"minecraft:mutton":11,"minecraft:cobblestone":179,"minecraft:white_wool":8,"minecraft:basalt":29,"minecraft:magma_cream":1,"minecraft:andesite":8,"minecraft:salmon":3,"minecraft:jungle_log":11,"minecraft:leather":8,"minecraft:flint":6,"minecraft:tuff":2,"minecraft:oak_log":2,"minecraft:gunpowder":5,"minecraft:dirt":47,"minecraft:lapis_lazuli":68,"minecraft:bone":16,"minecraft:bow":2,"minecraft:wheat_seeds":3,"minecraft:raw_gold":8,"minecraft:iron_ingot":76,"minecraft:stone_pickaxe":2,"minecraft:bamboo":7,"minecraft:moss_block":1,"minecraft:cooked_porkchop":1,"minecraft:quartz":1,"minecraft:gravel":10,"minecraft:dripstone_block":2,"minecraft:jungle_planks":15,"minecraft:amethyst_shard":8,"minecraft:white_bed":1,"minecraft:spider_eye":3,"minecraft:diamond":11,"minecraft:gray_wool":1,"minecraft:bread":1,"minecraft:oak_sapling":2,"minecraft:netherrack":24,"minecraft:coal":101,"minecraft:ender_pearl":2}},"DataVersion":3953}