{"stats":{"minecraft:used":{"minecraft:stone_sword":88,"minecraft:stone_pickaxe":93,"minecraft:wooden_pickaxe":21,"minecraft:wooden_shovel":17,"minecraft:dirt":2,"minecraft:crafting_table":3,"minecraft:white_bed":1,"minecraft:wooden_axe":39,"minecraft:melon_slice":27,"minecraft:wooden_sword":9,"minecraft:cobblestone":7,"minecraft:furnace":2,"minecraft:cooked_porkchop":1,"minecraft:andesite":7},"minecraft:custom":{"minecraft:interact_with_furnace":10,"minecraft:mob_kills":34,"minecraft:interact_with_crafting_table":15,"minecraft:time_since_death":33798,"minecraft:sleep_in_bed":1,"minecraft:climb_one_cm":1608,"minecraft:time_since_rest":14734,"minecraft:sprint_one_cm":174439,"minecraft:damage_taken":276,"minecraft:walk_one_cm":120581,"minecraft:drop":33,"minecraft:damage_dealt":2868,"minecraft:swim_one_cm":8023,"minecraft:fly_one_cm":160001,"minecraft:open_chest":1,"minecraft:crouch_one_cm":1506,"minecraft:play_time":33798,"minecraft:sneak_time":728,"minecraft:walk_under_water_one_cm":4149,"minecraft:jump":825,"minecraft:walk_on_water_one_cm":2214,"minecraft:interact_with_smoker":1,"minecraft:total_world_time":33798,"minecraft:fall_one_cm":18597},"minecraft:mined":{"minecraft:red_bed":1,"minecraft:crafting_table":1,"minecraft:short_grass":22,"minecraft:grass_block":2,"minecraft:melon":22,"minecraft:jungle_log":7,"minecraft:tall_grass":2,"minecraft:cobblestone":5,"minecraft:iron_ore":2,"minecraft:andesite":7,"minecraft:oak_log":2,"minecraft:vine":4,"minecraft:acacia_fence":1,"minecraft:dirt":15,"minecraft:stone":98,"minecraft:oak_leaves":1,"minecraft:orange_bed":2,"minecraft:fern":2},"minecraft:killed":{"minecraft:wolf":1,"minecraft:pig":11,"minecraft:salmon":4,"minecraft:sheep":9,"minecraft:skeleton":1,"minecraft:cow":8},"minecraft:dropped":{"minecraft:crafting_table":1,"minecraft:cobblestone":12,"minecraft:jungle_planks":1,"minecraft:melon_slice":26,"minecraft:oak_sapling":2,"minecraft:wooden_shovel":2,"minecraft:stone_pickaxe":1},"minecraft:crafted":{"minecraft:wooden_sword":1,"minecraft:oak_planks":8,"minecraft:wooden_shovel":1,"minecraft:crafting_table":2,"minecraft:wooden_pickaxe":1,"minecraft:furnace":2,"minecraft:cooked_mutton":6,"minecraft:air":0,"minecraft:jungle_planks":32,"minecraft:stick":12,"minecraft:iron_ingot":2,"minecraft:stone_pickaxe":1,"minecraft:wooden_axe":1,"minecraft:stone_sword":1},"minecraft:picked_up":{"minecraft:wooden_axe":2,"minecraft:crafting_table":2,"minecraft:jungle_log":8,"minecraft:salmon":3,"minecraft:andesite":7,"minecraft:leather":8,"minecraft:oak_log":2,"minecraft:dirt":40,"minecraft:red_bed":1,"minecraft:bow":1,"minecraft:wheat_seeds":2,"minecraft:beef":15,"minecraft:stone_pickaxe":1,"minecraft:wooden_shovel":2,"minecraft:bamboo":7,"minecraft:melon_slice":108,"minecraft:raw_iron":2,"minecraft:acacia_fence":1,"minecraft:cooked_porkchop":1,"minecraft:porkchop":24,"minecraft:jungle_planks":1,"minecraft:white_bed":1,"minecraft:orange_bed":2,"minecraft:arrow":1,"minecraft:gray_wool":1,"minecraft:oak_sapling":2,"minecraft:mutton":11,"minecraft:white_wool":8,"minecraft:cobblestone":101}},"DataVersion":3953}