{"stats":{"minecraft:used":{"minecraft:wooden_axe":31,"minecraft:melon_slice":10,"minecraft:wooden_sword":7,"minecraft:crafting_table":1},"minecraft:custom":{"minecraft:time_since_rest":9798,"minecraft:sprint_one_cm":60984,"minecraft:damage_taken":111,"minecraft:walk_one_cm":19689,"minecraft:mob_kills":4,"minecraft:drop":4,"minecraft:damage_dealt":129,"minecraft:fly_one_cm":71636,"minecraft:interact_with_crafting_table":6,"minecraft:swim_one_cm":3105,"minecraft:crouch_one_cm":115,"minecraft:play_time":9798,"minecraft:sneak_time":100,"minecraft:walk_under_water_one_cm":3610,"minecraft:jump":279,"minecraft:time_since_death":9798,"minecraft:walk_on_water_one_cm":1871,"minecraft:climb_one_cm":1281,"minecraft:total_world_time":9798,"minecraft:fall_one_cm":7001},"minecraft:mined":{"minecraft:crafting_table":1,"minecraft:short_grass":5,"minecraft:melon":21,"minecraft:vine":4,"minecraft:jungle_log":7,"minecraft:fern":1},"minecraft:killed":{"minecraft:salmon":4},"minecraft:dropped":{"minecraft:oak_sapling":2,"minecraft:wooden_shovel":2,"minecraft:jungle_planks":1},"minecraft:crafted":{"minecraft:wooden_sword":1,"minecraft:wooden_shovel":1,"minecraft:crafting_table":1,"minecraft:stick":8,"minecraft:wooden_pickaxe":1,"minecraft:wooden_axe":1,"minecraft:jungle_planks":32},"minecraft:picked_up":{"minecraft:wooden_axe":1,"minecraft:crafting_table":1,"minecraft:salmon":3,"minecraft:jungle_log":8,"minecraft:jungle_planks":1,"minecraft:dirt":12,"minecraft:wheat_seeds":1,"minecraft:wooden_shovel":2,"minecraft:bamboo":7,"minecraft:oak_sapling":2,"minecraft:melon_slice":99}},"DataVersion":3953}