{"stats":{"minecraft:used":{"minecraft:wooden_axe":31,"minecraft:stone_sword":1,"minecraft:melon_slice":12,"minecraft:stone_pickaxe":90,"minecraft:wooden_pickaxe":21,"minecraft:wooden_shovel":17,"minecraft:dirt":2,"minecraft:wooden_sword":9,"minecraft:cobblestone":2,"minecraft:crafting_table":2,"minecraft:furnace":2,"minecraft:cooked_porkchop":1,"minecraft:andesite":4,"minecraft:white_bed":1},"minecraft:custom":{"minecraft:time_since_rest":2734,"minecraft:interact_with_furnace":8,"minecraft:sprint_one_cm":91852,"minecraft:damage_taken":126,"minecraft:walk_one_cm":76085,"minecraft:mob_kills":5,"minecraft:drop":6,"minecraft:damage_dealt":168,"minecraft:fly_one_cm":85301,"minecraft:interact_with_crafting_table":15,"minecraft:swim_one_cm":3105,"minecraft:crouch_one_cm":1429,"minecraft:play_time":21798,"minecraft:sneak_time":700,"minecraft:walk_under_water_one_cm":3610,"minecraft:jump":426,"minecraft:time_since_death":21798,"minecraft:walk_on_water_one_cm":1871,"minecraft:sleep_in_bed":1,"minecraft:climb_one_cm":1281,"minecraft:total_world_time":21798,"minecraft:fall_one_cm":7897},"minecraft:mined":{"minecraft:iron_ore":2,"minecraft:andesite":5,"minecraft:crafting_table":1,"minecraft:short_grass":6,"minecraft:grass_block":2,"minecraft:melon":22,"minecraft:vine":4,"minecraft:jungle_log":7,"minecraft:dirt":15,"minecraft:cobblestone":4,"minecraft:stone":98,"minecraft:fern":1},"minecraft:killed":{"minecraft:skeleton":1,"minecraft:salmon":4},"minecraft:dropped":{"minecraft:oak_sapling":2,"minecraft:wooden_shovel":2,"minecraft:cobblestone":12,"minecraft:jungle_planks":1,"minecraft:stone_pickaxe":1},"minecraft:crafted":{"minecraft:wooden_sword":1,"minecraft:wooden_shovel":1,"minecraft:crafting_table":1,"minecraft:iron_ingot":2,"minecraft:stick":12,"minecraft:stone_pickaxe":1,"minecraft:wooden_pickaxe":1,"minecraft:wooden_axe":1,"minecraft:stone_sword":1,"minecraft:furnace":2,"minecraft:air":0,"minecraft:cooked_mutton":6,"minecraft:jungle_planks":32},"minecraft:picked_up":{"minecraft:wooden_axe":2,"minecraft:raw_iron":2,"minecraft:crafting_table":1,"minecraft:cooked_porkchop":1,"minecraft:andesite":5,"minecraft:salmon":3,"minecraft:jungle_log":8,"minecraft:jungle_planks":1,"minecraft:white_bed":1,"minecraft:dirt":40,"minecraft:arrow":1,"minecraft:bow":1,"minecraft:wheat_seeds":1,"minecraft:stone_pickaxe":1,"minecraft:wooden_shovel":2,"minecraft:bamboo":7,"minecraft:oak_sapling":2,"minecraft:melon_slice":105,"minecraft:cobblestone":100}},"DataVersion":3953}