{"stats":{"minecraft:used":{"minecraft:stone_sword":101,"minecraft:stone_shovel":4,"minecraft:shield":26,"minecraft:iron_sword":37,"minecraft:wooden_shovel":24,"minecraft:orange_bed":3,"minecraft:torch":18,"minecraft:dirt":3,"minecraft:wooden_axe":84,"minecraft:furnace":5,"minecraft:cooked_beef":9,"minecraft:cobbled_deepslate":17,"minecraft:cooked_mutton":2,"minecraft:stone_pickaxe":154,"minecraft:wooden_pickaxe":21,"minecraft:crafting_table":4,"minecraft:red_bed":2,"minecraft:white_bed":1,"minecraft:melon_slice":40,"minecraft:iron_pickaxe":65,"minecraft:stone_axe":1,"minecraft:wooden_sword":9,"minecraft:cobblestone":55,"minecraft:cooked_porkchop":1,"minecraft:andesite":8},"minecraft:custom":{"minecraft:mob_kills":45,"minecraft:interact_with_crafting_table":44,"minecraft:time_since_death":99798,"minecraft:climb_one_cm":3532,"minecraft:sprint_one_cm":384125,"minecraft:walk_one_cm":338553,"minecraft:damage_blocked_by_shield":725,"minecraft:drop":77,"minecraft:play_time":99798,"minecraft:sneak_time":2763,"minecraft:walk_under_water_one_cm":8089,"minecraft:jump":2189,"minecraft:walk_on_water_one_cm":25786,"minecraft:total_world_time":99798,"minecraft:interact_with_furnace":62,"minecraft:sleep_in_bed":2,"minecraft:time_since_rest":56887,"minecraft:damage_taken":952,"minecraft:damage_dealt":5090,"minecraft:swim_one_cm":14312,"minecraft:fly_one_cm":307933,"minecraft:open_chest":11,"minecraft:crouch_one_cm":4994,"minecraft:interact_with_smoker":1,"minecraft:fall_one_cm":40115},"minecraft:mined":{"minecraft:tuff":1,"minecraft:deepslate_diamond_ore":3,"minecraft:cave_vines_plant":1,"minecraft:grass_block":6,"minecraft:jungle_log":10,"minecraft:moss_block":3,"minecraft:hay_block":34,"minecraft:furnace":2,"minecraft:iron_ore":27,"minecraft:cobbled_deepslate":2,"minecraft:andesite":7,"minecraft:deepslate_lapis_ore":7,"minecraft:deepslate_iron_ore":22,"minecraft:vine":7,"minecraft:stone":110,"minecraft:orange_bed":2,"minecraft:red_bed":1,"minecraft:crafting_table":3,"minecraft:clay":1,"minecraft:torch":2,"minecraft:short_grass":27,"minecraft:melon":22,"minecraft:cobblestone":7,"minecraft:tall_grass":2,"minecraft:deepslate_gold_ore":8,"minecraft:wall_torch":2,"minecraft:oak_log":2,"minecraft:coal_ore":24,"minecraft:acacia_fence":1,"minecraft:dirt":17,"minecraft:oak_leaves":1,"minecraft:deepslate":16,"minecraft:fern":2},"minecraft:killed":{"minecraft:spider":1,"minecraft:skeleton":6,"minecraft:wolf":1,"minecraft:pig":11,"minecraft:salmon":4,"minecraft:creeper":1,"minecraft:sheep":9,"minecraft:zombie":4,"minecraft:cow":8},"minecraft:dropped":{"minecraft:iron_ingot":6,"minecraft:moss_block":1,"minecraft:crafting_table":1,"minecraft:cobblestone":12,"minecraft:amethyst_block":4,"minecraft:jungle_planks":5,"minecraft:torch":1,"minecraft:wooden_axe":2,"minecraft:melon_slice":26,"minecraft:wooden_sword":1,"minecraft:amethyst_shard":8,"minecraft:stone_axe":1,"minecraft:stone_sword":3,"minecraft:cobbled_deepslate":14,"minecraft:tuff":1,"minecraft:wheat":4,"minecraft:stone_shovel":1,"minecraft:rotten_flesh":1,"minecraft:clay_ball":65,"minecraft:iron_boots":1,"minecraft:iron_chestplate":1,"minecraft:oak_sapling":2,"minecraft:azalea":2,"minecraft:wooden_shovel":3,"minecraft:bamboo":7,"minecraft:stone_pickaxe":3,"minecraft:wooden_pickaxe":2},"minecraft:crafted":{"minecraft:wooden_sword":1,"minecraft:oak_planks":8,"minecraft:stone_shovel":2,"minecraft:furnace":3,"minecraft:cooked_mutton":6,"minecraft:iron_boots":2,"minecraft:iron_axe":1,"minecraft:stone_pickaxe":2,"minecraft:wheat":297,"minecraft:cooked_beef":12,"minecraft:wooden_shovel":1,"minecraft:cooked_porkchop":6,"minecraft:crafting_table":2,"minecraft:wooden_pickaxe":1,"minecraft:iron_helmet":1,"minecraft:iron_sword":1,"minecraft:stone_axe":2,"minecraft:bread":98,"minecraft:air":0,"minecraft:jungle_planks":44,"minecraft:iron_chestplate":2,"minecraft:shield":1,"minecraft:stick":20,"minecraft:iron_ingot":36,"minecraft:iron_pickaxe":1,"minecraft:wooden_axe":1,"minecraft:stone_sword":2,"minecraft:iron_shovel":1,"minecraft:iron_leggings":1,"minecraft:torch":24},"minecraft:picked_up":{"minecraft:wooden_axe":2,"minecraft:cocoa_beans":3,"minecraft:crafting_table":3,"minecraft:clay_ball":9,"minecraft:wooden_pickaxe":1,"minecraft:amethyst_block":4,"minecraft:string":1,"minecraft:red_bed":2,"minecraft:cobbled_deepslate":31,"minecraft:beef":15,"minecraft:azalea":2,"minecraft:wooden_shovel":2,"minecraft:melon_slice":108,"minecraft:furnace":2,"minecraft:stick":17,"minecraft:raw_iron":51,"minecraft:acacia_fence":1,"minecraft:torch":7,"minecraft:porkchop":24,"minecraft:orange_bed":3,"minecraft:stone_sword":2,"minecraft:arrow":9,"minecraft:rotten_flesh":1,"minecraft:tropical_fish":1,"minecraft:hay_block":33,"minecraft:mutton":11,"minecraft:cobblestone":120,"minecraft:white_wool":8,"minecraft:andesite":8,"minecraft:salmon":3,"minecraft:jungle_log":11,"minecraft:leather":8,"minecraft:tuff":1,"minecraft:oak_log":2,"minecraft:dirt":47,"minecraft:lapis_lazuli":39,"minecraft:bone":8,"minecraft:bow":1,"minecraft:wheat_seeds":3,"minecraft:raw_gold":8,"minecraft:iron_ingot":17,"minecraft:stone_pickaxe":2,"minecraft:bamboo":7,"minecraft:moss_block":1,"minecraft:cooked_porkchop":1,"minecraft:jungle_planks":15,"minecraft:amethyst_shard":8,"minecraft:white_bed":1,"minecraft:diamond":4,"minecraft:gray_wool":1,"minecraft:bread":1,"minecraft:oak_sapling":2,"minecraft:coal":24}},"DataVersion":3953}