{"stats":{"minecraft:used":{"minecraft:cooked_mutton":2,"minecraft:stone_sword":95,"minecraft:stone_pickaxe":112,"minecraft:shield":9,"minecraft:wooden_pickaxe":21,"minecraft:wooden_shovel":24,"minecraft:orange_bed":3,"minecraft:torch":3,"minecraft:dirt":3,"minecraft:crafting_table":3,"minecraft:red_bed":2,"minecraft:white_bed":1,"minecraft:wooden_axe":83,"minecraft:melon_slice":38,"minecraft:wooden_sword":9,"minecraft:cobblestone":47,"minecraft:furnace":2,"minecraft:cooked_porkchop":1,"minecraft:andesite":8,"minecraft:cooked_beef":2},"minecraft:custom":{"minecraft:interact_with_furnace":28,"minecraft:mob_kills":35,"minecraft:interact_with_crafting_table":26,"minecraft:time_since_death":57798,"minecraft:sleep_in_bed":2,"minecraft:climb_one_cm":3224,"minecraft:time_since_rest":14887,"minecraft:sprint_one_cm":259082,"minecraft:damage_taken":621,"minecraft:walk_one_cm":209093,"minecraft:damage_blocked_by_shield":345,"minecraft:drop":47,"minecraft:damage_dealt":3103,"minecraft:swim_one_cm":11180,"minecraft:fly_one_cm":236508,"minecraft:open_chest":10,"minecraft:crouch_one_cm":2345,"minecraft:play_time":57798,"minecraft:sneak_time":1531,"minecraft:walk_under_water_one_cm":4367,"minecraft:jump":1338,"minecraft:walk_on_water_one_cm":6113,"minecraft:interact_with_smoker":1,"minecraft:total_world_time":57798,"minecraft:fall_one_cm":28519},"minecraft:mined":{"minecraft:red_bed":1,"minecraft:cave_vines_plant":1,"minecraft:crafting_table":1,"minecraft:torch":2,"minecraft:short_grass":26,"minecraft:grass_block":6,"minecraft:melon":22,"minecraft:jungle_log":10,"minecraft:tall_grass":2,"minecraft:cobblestone":7,"minecraft:wall_torch":2,"minecraft:hay_block":34,"minecraft:iron_ore":3,"minecraft:andesite":7,"minecraft:coal_ore":5,"minecraft:oak_log":2,"minecraft:deepslate_iron_ore":9,"minecraft:vine":6,"minecraft:acacia_fence":1,"minecraft:dirt":17,"minecraft:stone":98,"minecraft:deepslate":2,"minecraft:oak_leaves":1,"minecraft:orange_bed":2,"minecraft:fern":2},"minecraft:killed":{"minecraft:wolf":1,"minecraft:pig":11,"minecraft:salmon":4,"minecraft:spider":1,"minecraft:sheep":9,"minecraft:skeleton":1,"minecraft:cow":8},"minecraft:dropped":{"minecraft:stone_axe":1,"minecraft:stone_sword":2,"minecraft:crafting_table":1,"minecraft:wheat":3,"minecraft:stone_shovel":1,"minecraft:cobblestone":12,"minecraft:jungle_planks":5,"minecraft:torch":1,"minecraft:melon_slice":26,"minecraft:oak_sapling":2,"minecraft:wooden_shovel":2,"minecraft:stone_pickaxe":3},"minecraft:crafted":{"minecraft:cooked_beef":12,"minecraft:wooden_sword":1,"minecraft:oak_planks":8,"minecraft:wooden_shovel":1,"minecraft:stone_shovel":2,"minecraft:cooked_porkchop":6,"minecraft:crafting_table":2,"minecraft:wooden_pickaxe":1,"minecraft:furnace":2,"minecraft:stone_axe":2,"minecraft:bread":98,"minecraft:cooked_mutton":6,"minecraft:air":0,"minecraft:jungle_planks":44,"minecraft:shield":1,"minecraft:stick":16,"minecraft:iron_ingot":2,"minecraft:stone_pickaxe":2,"minecraft:wooden_axe":1,"minecraft:stone_sword":2,"minecraft:wheat":297},"minecraft:picked_up":{"minecraft:wooden_axe":2,"minecraft:cocoa_beans":3,"minecraft:crafting_table":2,"minecraft:jungle_log":11,"minecraft:salmon":3,"minecraft:andesite":8,"minecraft:leather":8,"minecraft:oak_log":2,"minecraft:string":1,"minecraft:dirt":47,"minecraft:red_bed":2,"minecraft:bow":1,"minecraft:wheat_seeds":3,"minecraft:cobbled_deepslate":13,"minecraft:beef":15,"minecraft:stone_pickaxe":2,"minecraft:wooden_shovel":2,"minecraft:bamboo":7,"minecraft:melon_slice":108,"minecraft:stick":5,"minecraft:raw_iron":12,"minecraft:acacia_fence":1,"minecraft:cooked_porkchop":1,"minecraft:torch":5,"minecraft:porkchop":24,"minecraft:jungle_planks":12,"minecraft:white_bed":1,"minecraft:orange_bed":3,"minecraft:stone_sword":1,"minecraft:arrow":1,"minecraft:diamond":1,"minecraft:hay_block":33,"minecraft:gray_wool":1,"minecraft:coal":5,"minecraft:oak_sapling":2,"minecraft:mutton":11,"minecraft:white_wool":8,"minecraft:cobblestone":103}},"DataVersion":3953}