{"stats":{"minecraft:used":{"minecraft:stone_sword":101,"minecraft:flint_and_steel":1,"minecraft:stone_shovel":50,"minecraft:shield":44,"minecraft:iron_sword":37,"minecraft:wooden_shovel":24,"minecraft:netherrack":58,"minecraft:orange_bed":3,"minecraft:torch":28,"minecraft:dirt":3,"minecraft:obsidian":11,"minecraft:wooden_axe":84,"minecraft:iron_axe":8,"minecraft:basalt":98,"minecraft:furnace":7,"minecraft:cooked_beef":12,"minecraft:cobbled_deepslate":82,"minecraft:cooked_mutton":2,"minecraft:water_bucket":12,"minecraft:stone_pickaxe":228,"minecraft:wooden_pickaxe":21,"minecraft:crafting_table":6,"minecraft:red_bed":2,"minecraft:white_bed":1,"minecraft:diamond_pickaxe":35,"minecraft:bread":13,"minecraft:melon_slice":43,"minecraft:iron_pickaxe":353,"minecraft:stone_axe":1,"minecraft:diamond_sword":142,"minecraft:wooden_sword":9,"minecraft:cobblestone":77,"minecraft:cooked_porkchop":7,"minecraft:bucket":14,"minecraft:andesite":8},"minecraft:custom":{"minecraft:mob_kills":95,"minecraft:interact_with_crafting_table":50,"minecraft:time_since_death":183798,"minecraft:climb_one_cm":3532,"minecraft:sprint_one_cm":664522,"minecraft:walk_one_cm":618891,"minecraft:damage_blocked_by_shield":1015,"minecraft:drop":143,"minecraft:play_time":183798,"minecraft:sneak_time":9565,"minecraft:walk_under_water_one_cm":15669,"minecraft:jump":3661,"minecraft:walk_on_water_one_cm":44839,"minecraft:total_world_time":183798,"minecraft:interact_with_furnace":87,"minecraft:sleep_in_bed":2,"minecraft:time_since_rest":140887,"minecraft:damage_taken":1927,"minecraft:damage_dealt":10340,"minecraft:swim_one_cm":21578,"minecraft:fly_one_cm":478587,"minecraft:open_chest":21,"minecraft:crouch_one_cm":16603,"minecraft:interact_with_smoker":1,"minecraft:fall_one_cm":71671},"minecraft:mined":{"minecraft:nether_gold_ore":4,"minecraft:tuff":1,"minecraft:deepslate_diamond_ore":7,"minecraft:obsidian":21,"minecraft:cave_vines_plant":1,"minecraft:grass_block":6,"minecraft:jungle_log":10,"minecraft:moss_block":3,"minecraft:hay_block":34,"minecraft:furnace":4,"minecraft:fire":3,"minecraft:iron_ore":52,"minecraft:cobbled_deepslate":3,"minecraft:andesite":7,"minecraft:deepslate_lapis_ore":7,"minecraft:pointed_dripstone":2,"minecraft:deepslate_iron_ore":22,"minecraft:vine":7,"minecraft:warped_stem":6,"minecraft:stone":154,"minecraft:orange_bed":2,"minecraft:red_bed":1,"minecraft:blackstone":9,"minecraft:basalt":101,"minecraft:crafting_table":5,"minecraft:clay":1,"minecraft:torch":2,"minecraft:short_grass":27,"minecraft:melon":22,"minecraft:nether_quartz_ore":1,"minecraft:cobblestone":9,"minecraft:tall_grass":2,"minecraft:lapis_ore":4,"minecraft:deepslate_gold_ore":8,"minecraft:diorite":1,"minecraft:wall_torch":3,"minecraft:oak_log":2,"minecraft:coal_ore":36,"minecraft:gravel":47,"minecraft:acacia_fence":1,"minecraft:dripstone_block":2,"minecraft:dirt":17,"minecraft:netherrack":112,"minecraft:oak_leaves":1,"minecraft:deepslate":59,"minecraft:fern":2},"minecraft:killed":{"minecraft:spider":7,"minecraft:skeleton":16,"minecraft:magma_cube":23,"minecraft:wolf":1,"minecraft:pig":11,"minecraft:salmon":4,"minecraft:creeper":5,"minecraft:sheep":9,"minecraft:zombie":10,"minecraft:cow":8},"minecraft:dropped":{"minecraft:iron_ingot":94,"minecraft:iron_sword":1,"minecraft:moss_block":1,"minecraft:lapis_lazuli":4,"minecraft:diamond":17,"minecraft:crafting_table":1,"minecraft:dripstone_block":2,"minecraft:iron_helmet":1,"minecraft:cobblestone":12,"minecraft:amethyst_block":4,"minecraft:jungle_planks":5,"minecraft:tropical_fish":1,"minecraft:diorite":3,"minecraft:torch":1,"minecraft:wooden_axe":2,"minecraft:melon_slice":26,"minecraft:bone_meal":1,"minecraft:wooden_sword":1,"minecraft:amethyst_shard":8,"minecraft:iron_pickaxe":1,"minecraft:string":4,"minecraft:gold_ingot":3,"minecraft:gravel":9,"minecraft:stone_axe":1,"minecraft:stone_sword":3,"minecraft:cobbled_deepslate":38,"minecraft:raw_copper":1,"minecraft:nether_brick":2,"minecraft:tuff":2,"minecraft:wheat":4,"minecraft:pointed_dripstone":3,"minecraft:stone_shovel":2,"minecraft:rotten_flesh":29,"minecraft:clay_ball":65,"minecraft:iron_boots":1,"minecraft:diamond_sword":1,"minecraft:gunpowder":5,"minecraft:iron_chestplate":2,"minecraft:oak_sapling":2,"minecraft:azalea":2,"minecraft:wooden_shovel":3,"minecraft:spider_eye":3,"minecraft:bamboo":7,"minecraft:basalt":34,"minecraft:stone_pickaxe":3,"minecraft:wooden_pickaxe":2,"minecraft:magma_cream":2,"minecraft:quartz":6,"minecraft:netherrack":33},"minecraft:crafted":{"minecraft:wooden_sword":1,"minecraft:oak_planks":8,"minecraft:stone_shovel":2,"minecraft:furnace":3,"minecraft:cooked_mutton":6,"minecraft:flint_and_steel":1,"minecraft:warped_planks":20,"minecraft:iron_boots":2,"minecraft:iron_axe":1,"minecraft:stone_pickaxe":2,"minecraft:wheat":297,"minecraft:cooked_beef":12,"minecraft:wooden_shovel":1,"minecraft:diamond_sword":1,"minecraft:cooked_porkchop":6,"minecraft:crafting_table":2,"minecraft:wooden_pickaxe":1,"minecraft:iron_helmet":1,"minecraft:iron_sword":1,"minecraft:cooked_salmon":3,"minecraft:stone_axe":2,"minecraft:bread":98,"minecraft:air":0,"minecraft:jungle_planks":44,"minecraft:iron_chestplate":2,"minecraft:diamond_pickaxe":1,"minecraft:shield":1,"minecraft:stick":20,"minecraft:iron_ingot":68,"minecraft:iron_pickaxe":2,"minecraft:wooden_axe":1,"minecraft:stone_sword":2,"minecraft:gold_ingot":6,"minecraft:iron_shovel":1,"minecraft:iron_leggings":1,"minecraft:torch":24},"minecraft:picked_up":{"minecraft:wooden_axe":2,"minecraft:cocoa_beans":3,"minecraft:iron_chestplate":1,"minecraft:crafting_table":5,"minecraft:clay_ball":9,"minecraft:diamond_sword":3,"minecraft:wooden_pickaxe":1,"minecraft:nether_brick":2,"minecraft:amethyst_block":4,"minecraft:string":5,"minecraft:red_bed":2,"minecraft:raw_copper":1,"minecraft:cooked_salmon":3,"minecraft:cobbled_deepslate":136,"minecraft:bucket":1,"minecraft:beef":15,"minecraft:azalea":2,"minecraft:wooden_shovel":2,"minecraft:iron_pickaxe":2,"minecraft:melon_slice":108,"minecraft:furnace":4,"minecraft:stick":17,"minecraft:raw_iron":122,"minecraft:acacia_fence":1,"minecraft:torch":19,"minecraft:porkchop":24,"minecraft:pointed_dripstone":6,"minecraft:diorite":3,"minecraft:stone_shovel":1,"minecraft:orange_bed":3,"minecraft:stone_sword":2,"minecraft:arrow":33,"minecraft:rotten_flesh":29,"minecraft:tropical_fish":1,"minecraft:diamond_boots":1,"minecraft:hay_block":33,"minecraft:gold_ingot":8,"minecraft:obsidian":21,"minecraft:mutton":11,"minecraft:cobblestone":179,"minecraft:white_wool":8,"minecraft:basalt":132,"minecraft:magma_cream":2,"minecraft:andesite":8,"minecraft:salmon":3,"minecraft:jungle_log":11,"minecraft:leather":8,"minecraft:flint":6,"minecraft:tuff":2,"minecraft:oak_log":2,"minecraft:gunpowder":5,"minecraft:dirt":47,"minecraft:lapis_lazuli":68,"minecraft:bone":16,"minecraft:bow":3,"minecraft:wheat_seeds":3,"minecraft:warped_stem":5,"minecraft:raw_gold":8,"minecraft:iron_ingot":76,"minecraft:stone_pickaxe":2,"minecraft:bamboo":7,"minecraft:moss_block":1,"minecraft:cooked_porkchop":1,"minecraft:quartz":6,"minecraft:lava_bucket":1,"minecraft:gravel":10,"minecraft:dripstone_block":2,"minecraft:jungle_planks":15,"minecraft:amethyst_shard":8,"minecraft:white_bed":1,"minecraft:spider_eye":3,"minecraft:diamond":11,"minecraft:iron_helmet":1,"minecraft:bone_meal":1,"minecraft:gray_wool":1,"minecraft:bread":1,"minecraft:oak_sapling":2,"minecraft:netherrack":92,"minecraft:coal":101,"minecraft:ender_pearl":2}},"DataVersion":3953}