{"stats":{"minecraft:used":{"minecraft:cooked_mutton":1,"minecraft:stone_sword":94,"minecraft:stone_pickaxe":95,"minecraft:wooden_pickaxe":21,"minecraft:wooden_shovel":24,"minecraft:orange_bed":2,"minecraft:torch":1,"minecraft:dirt":2,"minecraft:crafting_table":3,"minecraft:red_bed":1,"minecraft:white_bed":1,"minecraft:wooden_axe":83,"minecraft:melon_slice":38,"minecraft:wooden_sword":9,"minecraft:cobblestone":9,"minecraft:furnace":2,"minecraft:cooked_porkchop":1,"minecraft:andesite":7},"minecraft:custom":{"minecraft:interact_with_furnace":20,"minecraft:mob_kills":35,"minecraft:interact_with_crafting_table":23,"minecraft:time_since_death":45798,"minecraft:sleep_in_bed":2,"minecraft:climb_one_cm":1799,"minecraft:time_since_rest":2887,"minecraft:sprint_one_cm":232287,"minecraft:damage_taken":356,"minecraft:walk_one_cm":151792,"minecraft:drop":41,"minecraft:damage_dealt":3028,"minecraft:swim_one_cm":11180,"minecraft:fly_one_cm":226390,"minecraft:open_chest":6,"minecraft:crouch_one_cm":1564,"minecraft:play_time":45798,"minecraft:sneak_time":776,"minecraft:walk_under_water_one_cm":4367,"minecraft:jump":1125,"minecraft:walk_on_water_one_cm":6009,"minecraft:interact_with_smoker":1,"minecraft:total_world_time":45798,"minecraft:fall_one_cm":26254},"minecraft:mined":{"minecraft:red_bed":1,"minecraft:crafting_table":1,"minecraft:torch":1,"minecraft:short_grass":26,"minecraft:grass_block":6,"minecraft:melon":22,"minecraft:jungle_log":10,"minecraft:tall_grass":2,"minecraft:cobblestone":7,"minecraft:wall_torch":1,"minecraft:hay_block":34,"minecraft:iron_ore":2,"minecraft:andesite":7,"minecraft:oak_log":2,"minecraft:vine":6,"minecraft:acacia_fence":1,"minecraft:dirt":17,"minecraft:stone":98,"minecraft:oak_leaves":1,"minecraft:orange_bed":2,"minecraft:fern":2},"minecraft:killed":{"minecraft:wolf":1,"minecraft:pig":11,"minecraft:salmon":4,"minecraft:spider":1,"minecraft:sheep":9,"minecraft:skeleton":1,"minecraft:cow":8},"minecraft:dropped":{"minecraft:crafting_table":1,"minecraft:wheat":3,"minecraft:cobblestone":12,"minecraft:jungle_planks":5,"minecraft:torch":1,"minecraft:melon_slice":26,"minecraft:oak_sapling":2,"minecraft:wooden_shovel":2,"minecraft:stone_pickaxe":1},"minecraft:crafted":{"minecraft:cooked_beef":10,"minecraft:wooden_sword":1,"minecraft:oak_planks":8,"minecraft:wooden_shovel":1,"minecraft:cooked_porkchop":5,"minecraft:crafting_table":2,"minecraft:wooden_pickaxe":1,"minecraft:furnace":2,"minecraft:stone_axe":1,"minecraft:bread":98,"minecraft:cooked_mutton":6,"minecraft:air":0,"minecraft:jungle_planks":44,"minecraft:shield":1,"minecraft:stick":12,"minecraft:iron_ingot":2,"minecraft:stone_pickaxe":1,"minecraft:wooden_axe":1,"minecraft:stone_sword":1,"minecraft:wheat":297},"minecraft:picked_up":{"minecraft:wooden_axe":2,"minecraft:cocoa_beans":3,"minecraft:crafting_table":2,"minecraft:jungle_log":11,"minecraft:salmon":3,"minecraft:andesite":7,"minecraft:leather":8,"minecraft:oak_log":2,"minecraft:string":1,"minecraft:dirt":46,"minecraft:red_bed":1,"minecraft:bow":1,"minecraft:wheat_seeds":3,"minecraft:beef":15,"minecraft:stone_pickaxe":1,"minecraft:wooden_shovel":2,"minecraft:bamboo":7,"minecraft:melon_slice":108,"minecraft:stick":5,"minecraft:raw_iron":2,"minecraft:acacia_fence":1,"minecraft:cooked_porkchop":1,"minecraft:torch":3,"minecraft:porkchop":24,"minecraft:jungle_planks":1,"minecraft:white_bed":1,"minecraft:orange_bed":2,"minecraft:arrow":1,"minecraft:hay_block":33,"minecraft:gray_wool":1,"minecraft:oak_sapling":2,"minecraft:mutton":11,"minecraft:white_wool":8,"minecraft:cobblestone":103}},"DataVersion":3953}