{"stats":{"minecraft:used":{"minecraft:cooked_mutton":2,"minecraft:stone_sword":101,"minecraft:stone_shovel":4,"minecraft:stone_pickaxe":154,"minecraft:shield":23,"minecraft:wooden_pickaxe":21,"minecraft:iron_sword":28,"minecraft:wooden_shovel":24,"minecraft:orange_bed":3,"minecraft:torch":16,"minecraft:dirt":3,"minecraft:crafting_table":3,"minecraft:red_bed":2,"minecraft:white_bed":1,"minecraft:wooden_axe":84,"minecraft:iron_pickaxe":36,"minecraft:melon_slice":40,"minecraft:wooden_sword":9,"minecraft:cobblestone":52,"minecraft:furnace":4,"minecraft:cooked_porkchop":1,"minecraft:andesite":8,"minecraft:cobbled_deepslate":17,"minecraft:cooked_beef":7},"minecraft:custom":{"minecraft:interact_with_furnace":57,"minecraft:mob_kills":43,"minecraft:interact_with_crafting_table":41,"minecraft:time_since_death":87798,"minecraft:sleep_in_bed":2,"minecraft:climb_one_cm":3532,"minecraft:time_since_rest":44887,"minecraft:sprint_one_cm":352991,"minecraft:damage_taken":870,"minecraft:walk_one_cm":304576,"minecraft:damage_blocked_by_shield":675,"minecraft:drop":69,"minecraft:damage_dealt":4602,"minecraft:swim_one_cm":11180,"minecraft:fly_one_cm":293997,"minecraft:open_chest":10,"minecraft:crouch_one_cm":4560,"minecraft:play_time":87798,"minecraft:sneak_time":2514,"minecraft:walk_under_water_one_cm":4399,"minecraft:jump":1963,"minecraft:walk_on_water_one_cm":14925,"minecraft:interact_with_smoker":1,"minecraft:total_world_time":87798,"minecraft:fall_one_cm":36588},"minecraft:mined":{"minecraft:tuff":1,"minecraft:red_bed":1,"minecraft:deepslate_diamond_ore":3,"minecraft:cave_vines_plant":1,"minecraft:crafting_table":2,"minecraft:torch":2,"minecraft:short_grass":27,"minecraft:grass_block":6,"minecraft:melon":22,"minecraft:jungle_log":10,"minecraft:tall_grass":2,"minecraft:cobblestone":7,"minecraft:deepslate_gold_ore":8,"minecraft:moss_block":3,"minecraft:wall_torch":2,"minecraft:hay_block":34,"minecraft:cobbled_deepslate":2,"minecraft:iron_ore":22,"minecraft:andesite":7,"minecraft:deepslate_lapis_ore":1,"minecraft:coal_ore":24,"minecraft:oak_log":2,"minecraft:deepslate_iron_ore":18,"minecraft:vine":6,"minecraft:acacia_fence":1,"minecraft:dirt":17,"minecraft:stone":102,"minecraft:deepslate":14,"minecraft:oak_leaves":1,"minecraft:orange_bed":2,"minecraft:fern":2},"minecraft:killed":{"minecraft:wolf":1,"minecraft:pig":11,"minecraft:salmon":4,"minecraft:spider":1,"minecraft:creeper":1,"minecraft:sheep":9,"minecraft:skeleton":6,"minecraft:zombie":2,"minecraft:cow":8},"minecraft:dropped":{"minecraft:iron_ingot":6,"minecraft:moss_block":1,"minecraft:stone_axe":1,"minecraft:stone_sword":2,"minecraft:crafting_table":1,"minecraft:wheat":4,"minecraft:stone_shovel":1,"minecraft:rotten_flesh":1,"minecraft:cobblestone":12,"minecraft:clay_ball":1,"minecraft:iron_boots":1,"minecraft:amethyst_block":4,"minecraft:jungle_planks":5,"minecraft:torch":1,"minecraft:iron_chestplate":1,"minecraft:wooden_axe":2,"minecraft:melon_slice":26,"minecraft:azalea":1,"minecraft:oak_sapling":2,"minecraft:wooden_shovel":3,"minecraft:wooden_sword":1,"minecraft:wooden_pickaxe":1,"minecraft:stone_pickaxe":3},"minecraft:crafted":{"minecraft:cooked_beef":12,"minecraft:wooden_sword":1,"minecraft:oak_planks":8,"minecraft:wooden_shovel":1,"minecraft:stone_shovel":2,"minecraft:cooked_porkchop":6,"minecraft:crafting_table":2,"minecraft:iron_helmet":1,"minecraft:wooden_pickaxe":1,"minecraft:iron_sword":1,"minecraft:furnace":3,"minecraft:stone_axe":2,"minecraft:bread":98,"minecraft:cooked_mutton":6,"minecraft:air":0,"minecraft:jungle_planks":44,"minecraft:iron_boots":2,"minecraft:iron_chestplate":2,"minecraft:shield":1,"minecraft:stick":16,"minecraft:iron_ingot":35,"minecraft:iron_pickaxe":1,"minecraft:stone_pickaxe":2,"minecraft:wooden_axe":1,"minecraft:stone_sword":2,"minecraft:iron_leggings":1,"minecraft:torch":24,"minecraft:wheat":297},"minecraft:picked_up":{"minecraft:wooden_axe":2,"minecraft:cocoa_beans":3,"minecraft:crafting_table":2,"minecraft:clay_ball":1,"minecraft:jungle_log":11,"minecraft:salmon":3,"minecraft:andesite":8,"minecraft:leather":8,"minecraft:tuff":1,"minecraft:oak_log":2,"minecraft:amethyst_block":4,"minecraft:lapis_lazuli":7,"minecraft:string":1,"minecraft:dirt":47,"minecraft:red_bed":2,"minecraft:bone":6,"minecraft:bow":1,"minecraft:wheat_seeds":3,"minecraft:raw_gold":8,"minecraft:cobbled_deepslate":29,"minecraft:iron_ingot":17,"minecraft:beef":15,"minecraft:stone_pickaxe":2,"minecraft:azalea":2,"minecraft:wooden_shovel":2,"minecraft:bamboo":7,"minecraft:moss_block":1,"minecraft:melon_slice":108,"minecraft:furnace":1,"minecraft:stick":14,"minecraft:raw_iron":41,"minecraft:acacia_fence":1,"minecraft:cooked_porkchop":1,"minecraft:torch":5,"minecraft:porkchop":24,"minecraft:jungle_planks":12,"minecraft:white_bed":1,"minecraft:orange_bed":3,"minecraft:rotten_flesh":1,"minecraft:stone_sword":1,"minecraft:arrow":5,"minecraft:diamond":4,"minecraft:hay_block":33,"minecraft:gray_wool":1,"minecraft:coal":24,"minecraft:oak_sapling":2,"minecraft:mutton":11,"minecraft:white_wool":8,"minecraft:cobblestone":107}},"DataVersion":3953}