{"stats":{"minecraft:killed":{"minecraft:pig":1,"minecraft:witch":1,"minecraft:skeleton":4,"minecraft:sheep":5,"minecraft:zombie":5,"minecraft:bee":1,"minecraft:chicken":1,"minecraft:drowned":1},"minecraft:custom":{"minecraft:interact_with_furnace":55,"minecraft:mob_kills":19,"minecraft:animals_bred":1,"minecraft:interact_with_crafting_table":22,"minecraft:leave_game":1,"minecraft:time_since_death":64443,"minecraft:sleep_in_bed":4,"minecraft:climb_one_cm":3513,"minecraft:time_since_rest":4776,"minecraft:sprint_one_cm":132595,"minecraft:damage_taken":1440,"minecraft:walk_one_cm":188630,"minecraft:drop":7,"minecraft:damage_dealt":3302,"minecraft:swim_one_cm":25823,"minecraft:fly_one_cm":179187,"minecraft:open_chest":20,"minecraft:crouch_one_cm":11964,"minecraft:play_time":69549,"minecraft:deaths":1,"minecraft:sneak_time":3131,"minecraft:walk_under_water_one_cm":13224,"minecraft:boat_one_cm":114394,"minecraft:jump":1578,"minecraft:walk_on_water_one_cm":18840,"minecraft:total_world_time":69549,"minecraft:fall_one_cm":36527},"minecraft:crafted":{"minecraft:cooked_beef":1,"minecraft:wooden_sword":1,"minecraft:cooked_porkchop":3,"minecraft:crafting_table":2,"minecraft:wooden_pickaxe":1,"minecraft:cooked_chicken":1,"minecraft:furnace":2,"minecraft:bucket":1,"minecraft:bone_meal":15,"minecraft:birch_planks":20,"minecraft:stone_axe":2,"minecraft:bread":2,"minecraft:cooked_mutton":8,"minecraft:air":0,"minecraft:jungle_planks":36,"minecraft:iron_boots":1,"minecraft:iron_chestplate":1,"minecraft:ladder":3,"minecraft:stick":12,"minecraft:iron_ingot":28,"minecraft:iron_pickaxe":1,"minecraft:stone_pickaxe":1,"minecraft:wooden_axe":1,"minecraft:iron_leggings":1,"minecraft:white_bed":1},"minecraft:killed_by":{"minecraft:drowned":1},"minecraft:broken":{"minecraft:golden_hoe":1},"minecraft:dropped":{"minecraft:iron_ingot":6,"minecraft:stone_axe":3,"minecraft:cooked_porkchop":1,"minecraft:cooked_mutton":1,"minecraft:melon_slice":5},"minecraft:mined":{"minecraft:deepslate_diamond_ore":1,"minecraft:jungle_leaves":4,"minecraft:crafting_table":2,"minecraft:short_grass":89,"minecraft:grass_block":10,"minecraft:melon":2,"minecraft:jungle_log":15,"minecraft:wall_torch":1,"minecraft:birch_sapling":1,"minecraft:birch_log":5,"minecraft:iron_ore":14,"minecraft:wheat":9,"minecraft:vine":3,"minecraft:oak_log":16,"minecraft:coal_ore":40,"minecraft:dirt":2,"minecraft:bamboo":1,"minecraft:stone":45,"minecraft:oak_leaves":5,"minecraft:fern":1,"minecraft:diamond_ore":1},"minecraft:used":{"minecraft:wheat_seeds":39,"minecraft:cooked_mutton":7,"minecraft:water_bucket":2,"minecraft:birch_planks":11,"minecraft:stone_pickaxe":73,"minecraft:oak_planks":14,"minecraft:ladder":2,"minecraft:wooden_pickaxe":29,"minecraft:cooked_chicken":1,"minecraft:rotten_flesh":6,"minecraft:iron_chestplate":1,"minecraft:torch":7,"minecraft:golden_hoe":21,"minecraft:dirt":16,"minecraft:crafting_table":2,"minecraft:jungle_planks":18,"minecraft:white_bed":1,"minecraft:wooden_axe":44,"minecraft:apple":2,"minecraft:bread":2,"minecraft:iron_pickaxe":2,"minecraft:birch_sapling":1,"minecraft:melon_slice":6,"minecraft:jungle_log":4,"minecraft:iron_boots":1,"minecraft:golden_helmet":1,"minecraft:bamboo":1,"minecraft:stone_axe":49,"minecraft:wooden_sword":7,"minecraft:furnace":2,"minecraft:oak_sapling":5,"minecraft:cooked_porkchop":2,"minecraft:bucket":3,"minecraft:egg":4,"minecraft:cooked_beef":1,"minecraft:iron_leggings":1,"minecraft:bone_meal":15},"minecraft:picked_up":{"minecraft:wooden_axe":1,"minecraft:birch_log":5,"minecraft:wheat":9,"minecraft:crafting_table":1,"minecraft:chicken":1,"minecraft:jungle_log":14,"minecraft:oak_log":16,"minecraft:gunpowder":2,"minecraft:dirt":16,"minecraft:bone":5,"minecraft:apple":3,"minecraft:wheat_seeds":43,"minecraft:light_gray_wool":1,"minecraft:bamboo":17,"minecraft:melon_slice":11,"minecraft:birch_sapling":2,"minecraft:egg":4,"minecraft:stick":11,"minecraft:raw_iron":13,"minecraft:torch":21,"minecraft:porkchop":3,"minecraft:jungle_planks":1,"minecraft:redstone":7,"minecraft:arrow":5,"minecraft:rotten_flesh":6,"minecraft:diamond":2,"minecraft:stone_axe":2,"minecraft:golden_hoe":1,"minecraft:oak_sapling":7,"minecraft:mutton":6,"minecraft:coal":39,"minecraft:white_wool":4,"minecraft:cobblestone":57}},"DataVersion":3955}