{"stats":{"minecraft:used":{"minecraft:cooked_mutton":1,"minecraft:stone_sword":120,"minecraft:stone_shovel":2,"minecraft:stone_pickaxe":99,"minecraft:chest":1,"minecraft:wooden_pickaxe":24,"minecraft:wooden_shovel":6,"minecraft:orange_bed":1,"minecraft:torch":3,"minecraft:dirt":3,"minecraft:wooden_axe":68,"minecraft:melon_slice":12,"minecraft:cobblestone":9,"minecraft:furnace":1,"minecraft:cooked_beef":5},"minecraft:broken":{"minecraft:wooden_axe":1},"minecraft:custom":{"minecraft:interact_with_furnace":50,"minecraft:mob_kills":22,"minecraft:interact_with_crafting_table":27,"minecraft:leave_game":1,"minecraft:time_since_death":57328,"minecraft:sleep_in_bed":2,"minecraft:climb_one_cm":2827,"minecraft:time_since_rest":14887,"minecraft:sprint_one_cm":181841,"minecraft:damage_taken":375,"minecraft:walk_one_cm":213460,"minecraft:drop":13,"minecraft:damage_dealt":2169,"minecraft:swim_one_cm":32803,"minecraft:fly_one_cm":55553,"minecraft:open_chest":10,"minecraft:play_time":57328,"minecraft:walk_under_water_one_cm":972,"minecraft:jump":746,"minecraft:walk_on_water_one_cm":13178,"minecraft:total_world_time":57328,"minecraft:fall_one_cm":8641},"minecraft:mined":{"minecraft:jungle_leaves":5,"minecraft:torch":2,"minecraft:short_grass":35,"minecraft:melon":13,"minecraft:jungle_log":15,"minecraft:tall_grass":3,"minecraft:wall_torch":6,"minecraft:andesite":5,"minecraft:oak_log":9,"minecraft:deepslate_iron_ore":2,"minecraft:vine":4,"minecraft:dirt":8,"minecraft:stone":98,"minecraft:deepslate":14,"minecraft:oak_leaves":5,"minecraft:fern":1,"minecraft:orange_bed":1},"minecraft:killed":{"minecraft:wolf":2,"minecraft:pig":3,"minecraft:rabbit":1,"minecraft:spider":1,"minecraft:sheep":12,"minecraft:enderman":1,"minecraft:cow":2},"minecraft:dropped":{"minecraft:iron_ingot":2,"minecraft:stone_axe":1,"minecraft:cooked_porkchop":4,"minecraft:jungle_planks":22,"minecraft:white_bed":1,"minecraft:torch":4,"minecraft:wooden_axe":2,"minecraft:wooden_shovel":1,"minecraft:stone_pickaxe":1},"minecraft:crafted":{"minecraft:cooked_beef":9,"minecraft:oak_planks":36,"minecraft:wooden_shovel":2,"minecraft:stone_shovel":1,"minecraft:cooked_porkchop":8,"minecraft:wooden_pickaxe":1,"minecraft:stone_axe":2,"minecraft:cooked_mutton":7,"minecraft:air":0,"minecraft:jungle_planks":52,"minecraft:stick":32,"minecraft:iron_ingot":2,"minecraft:stone_pickaxe":6,"minecraft:wooden_axe":4,"minecraft:stone_sword":2,"minecraft:chest":1,"minecraft:white_bed":1},"minecraft:picked_up":{"minecraft:cocoa_beans":3,"minecraft:jungle_log":13,"minecraft:andesite":5,"minecraft:leather":3,"minecraft:oak_log":9,"minecraft:dirt":19,"minecraft:cooked_mutton":4,"minecraft:wheat_seeds":9,"minecraft:cobbled_deepslate":12,"minecraft:rabbit_hide":1,"minecraft:iron_ingot":2,"minecraft:beef":6,"minecraft:light_gray_wool":1,"minecraft:rabbit":1,"minecraft:melon_slice":68,"minecraft:furnace":1,"minecraft:stick":2,"minecraft:raw_iron":2,"minecraft:cooked_porkchop":13,"minecraft:torch":8,"minecraft:porkchop":17,"minecraft:jungle_planks":5,"minecraft:spider_eye":1,"minecraft:orange_bed":1,"minecraft:stone_axe":1,"minecraft:glow_berries":1,"minecraft:black_wool":1,"minecraft:mutton":16,"minecraft:white_wool":9,"minecraft:cobblestone":99,"minecraft:oxeye_daisy":1}},"DataVersion":3953}