{"stats":{"minecraft:used":{"minecraft:wooden_axe":28,"minecraft:wooden_shovel":1},"minecraft:custom":{"minecraft:time_since_rest":9328,"minecraft:sprint_one_cm":24392,"minecraft:play_time":9328,"minecraft:damage_taken":10,"minecraft:walk_one_cm":24699,"minecraft:walk_under_water_one_cm":24,"minecraft:drop":2,"minecraft:jump":106,"minecraft:damage_dealt":10,"minecraft:leave_game":1,"minecraft:walk_on_water_one_cm":2233,"minecraft:time_since_death":9328,"minecraft:total_world_time":9328,"minecraft:climb_one_cm":1490,"minecraft:swim_one_cm":3365,"minecraft:interact_with_crafting_table":3,"minecraft:fall_one_cm":627,"minecraft:fly_one_cm":10052},"minecraft:mined":{"minecraft:short_grass":4,"minecraft:oak_log":9,"minecraft:vine":4,"minecraft:jungle_log":15,"minecraft:dirt":1,"minecraft:jungle_leaves":5,"minecraft:oak_leaves":5},"minecraft:dropped":{"minecraft:wooden_axe":1,"minecraft:wooden_shovel":1},"minecraft:crafted":{"minecraft:wooden_shovel":2,"minecraft:stick":12,"minecraft:wooden_pickaxe":1,"minecraft:jungle_planks":52,"minecraft:wooden_axe":4},"minecraft:picked_up":{"minecraft:cocoa_beans":3,"minecraft:stick":2,"minecraft:jungle_log":13,"minecraft:wheat_seeds":2,"minecraft:oak_log":9,"minecraft:dirt":1}},"DataVersion":3953}