{"stats":{"minecraft:used":{"minecraft:cooked_mutton":1,"minecraft:water_bucket":3,"minecraft:stone_sword":135,"minecraft:stone_shovel":2,"minecraft:stone_pickaxe":271,"minecraft:chest":1,"minecraft:wooden_pickaxe":24,"minecraft:iron_sword":107,"minecraft:wooden_shovel":6,"minecraft:orange_bed":1,"minecraft:torch":13,"minecraft:dirt":3,"minecraft:wooden_axe":68,"minecraft:iron_pickaxe":40,"minecraft:melon_slice":65,"minecraft:diamond_sword":24,"minecraft:cobblestone":82,"minecraft:furnace":4,"minecraft:bucket":4,"minecraft:cooked_beef":6},"minecraft:custom":{"minecraft:interact_with_furnace":109,"minecraft:mob_kills":46,"minecraft:interact_with_crafting_table":51,"minecraft:leave_game":1,"minecraft:time_since_death":147328,"minecraft:sleep_in_bed":2,"minecraft:climb_one_cm":3505,"minecraft:time_since_rest":104887,"minecraft:sprint_one_cm":191760,"minecraft:damage_taken":1425,"minecraft:walk_one_cm":576608,"minecraft:drop":34,"minecraft:damage_dealt":7091,"minecraft:swim_one_cm":36817,"minecraft:fly_one_cm":67893,"minecraft:open_chest":31,"minecraft:play_time":147328,"minecraft:walk_under_water_one_cm":17502,"minecraft:jump":2448,"minecraft:walk_on_water_one_cm":59720,"minecraft:total_world_time":147328,"minecraft:fall_one_cm":44092},"minecraft:broken":{"minecraft:stone_pickaxe":2,"minecraft:wooden_axe":1},"minecraft:mined":{"minecraft:tuff":2,"minecraft:deepslate_diamond_ore":2,"minecraft:jungle_leaves":5,"minecraft:torch":5,"minecraft:short_grass":35,"minecraft:melon":13,"minecraft:jungle_log":15,"minecraft:cobblestone":9,"minecraft:tall_grass":3,"minecraft:wall_torch":8,"minecraft:cobbled_deepslate":1,"minecraft:iron_ore":47,"minecraft:andesite":6,"minecraft:coal_ore":89,"minecraft:oak_log":9,"minecraft:deepslate_iron_ore":13,"minecraft:vine":4,"minecraft:dirt":8,"minecraft:stone":113,"minecraft:deepslate":47,"minecraft:oak_leaves":5,"minecraft:fern":1,"minecraft:orange_bed":1},"minecraft:killed":{"minecraft:wolf":2,"minecraft:pig":3,"minecraft:rabbit":1,"minecraft:spider":2,"minecraft:creeper":4,"minecraft:skeleton":8,"minecraft:sheep":12,"minecraft:zombie":9,"minecraft:enderman":2,"minecraft:cow":2},"minecraft:dropped":{"minecraft:iron_ingot":11,"minecraft:stone_axe":1,"minecraft:cobbled_deepslate":4,"minecraft:ender_pearl":1,"minecraft:diamond":1,"minecraft:dripstone_block":2,"minecraft:cooked_porkchop":15,"minecraft:pointed_dripstone":3,"minecraft:cobblestone":6,"minecraft:rotten_flesh":6,"minecraft:jungle_planks":22,"minecraft:cooked_mutton":10,"minecraft:white_bed":1,"minecraft:stick":12,"minecraft:torch":4,"minecraft:wooden_axe":2,"minecraft:azalea":1,"minecraft:wooden_shovel":1,"minecraft:bamboo":7,"minecraft:stone_pickaxe":2,"minecraft:bucket":1},"minecraft:crafted":{"minecraft:cooked_beef":9,"minecraft:oak_planks":36,"minecraft:wooden_shovel":2,"minecraft:stone_shovel":1,"minecraft:cooked_porkchop":12,"minecraft:wooden_pickaxe":1,"minecraft:iron_helmet":1,"minecraft:iron_sword":1,"minecraft:furnace":2,"minecraft:stone_axe":2,"minecraft:cooked_mutton":7,"minecraft:air":0,"minecraft:jungle_planks":52,"minecraft:stick":44,"minecraft:iron_pickaxe":1,"minecraft:iron_ingot":21,"minecraft:stone_pickaxe":6,"minecraft:wooden_axe":4,"minecraft:stone_sword":2,"minecraft:chest":1,"minecraft:iron_leggings":1,"minecraft:white_bed":1,"minecraft:torch":4},"minecraft:picked_up":{"minecraft:wooden_axe":1,"minecraft:cocoa_beans":3,"minecraft:iron_chestplate":2,"minecraft:glow_ink_sac":5,"minecraft:clay_ball":64,"minecraft:jungle_log":13,"minecraft:andesite":6,"minecraft:leather":3,"minecraft:diamond_sword":1,"minecraft:tuff":2,"minecraft:oak_log":9,"minecraft:gunpowder":1,"minecraft:amethyst_block":1,"minecraft:string":8,"minecraft:dirt":19,"minecraft:cooked_mutton":4,"minecraft:bone":2,"minecraft:wheat_seeds":9,"minecraft:cobbled_deepslate":49,"minecraft:bucket":2,"minecraft:rabbit_hide":1,"minecraft:iron_ingot":13,"minecraft:beef":6,"minecraft:stone_pickaxe":1,"minecraft:azalea":1,"minecraft:bamboo":7,"minecraft:light_gray_wool":1,"minecraft:rabbit":1,"minecraft:moss_block":1,"minecraft:melon_slice":68,"minecraft:iron_boots":1,"minecraft:furnace":2,"minecraft:stick":6,"minecraft:raw_iron":59,"minecraft:cooked_porkchop":13,"minecraft:torch":18,"minecraft:dripstone_block":2,"minecraft:porkchop":17,"minecraft:jungle_planks":5,"minecraft:pointed_dripstone":3,"minecraft:spider_eye":1,"minecraft:orange_bed":1,"minecraft:arrow":2,"minecraft:rotten_flesh":6,"minecraft:diamond":2,"minecraft:stone_axe":1,"minecraft:iron_helmet":1,"minecraft:ender_pearl":1,"minecraft:coal":89,"minecraft:glow_berries":1,"minecraft:black_wool":1,"minecraft:mutton":16,"minecraft:white_wool":9,"minecraft:cobblestone":128,"minecraft:oxeye_daisy":1}},"DataVersion":3953}