{"stats":{"minecraft:used":{"minecraft:stone_sword":135,"minecraft:stone_shovel":14,"minecraft:chest":1,"minecraft:iron_sword":119,"minecraft:wooden_shovel":6,"minecraft:netherrack":117,"minecraft:orange_bed":1,"minecraft:torch":17,"minecraft:dirt":3,"minecraft:wooden_axe":68,"minecraft:lava_bucket":1,"minecraft:basalt":26,"minecraft:furnace":4,"minecraft:cooked_beef":6,"minecraft:cooked_mutton":1,"minecraft:water_bucket":4,"minecraft:stone_pickaxe":517,"minecraft:wooden_pickaxe":24,"minecraft:crafting_table":2,"minecraft:melon_slice":65,"minecraft:iron_pickaxe":69,"minecraft:stone_axe":10,"minecraft:diamond_sword":33,"minecraft:cobblestone":82,"minecraft:cooked_porkchop":7,"minecraft:bucket":6},"minecraft:broken":{"minecraft:stone_pickaxe":3,"minecraft:wooden_axe":1},"minecraft:custom":{"minecraft:mob_kills":54,"minecraft:interact_with_crafting_table":53,"minecraft:leave_game":2,"minecraft:time_since_death":732,"minecraft:climb_one_cm":3505,"minecraft:sprint_one_cm":217176,"minecraft:walk_one_cm":877186,"minecraft:drop":49,"minecraft:deaths":1,"minecraft:play_time":211610,"minecraft:walk_under_water_one_cm":17502,"minecraft:jump":3454,"minecraft:walk_on_water_one_cm":59853,"minecraft:total_world_time":211610,"minecraft:interact_with_furnace":135,"minecraft:sleep_in_bed":2,"minecraft:time_since_rest":815,"minecraft:damage_taken":2178,"minecraft:damage_dealt":7628,"minecraft:swim_one_cm":36817,"minecraft:fly_one_cm":78446,"minecraft:open_chest":34,"minecraft:fall_one_cm":59471},"minecraft:mined":{"minecraft:tuff":2,"minecraft:deepslate_diamond_ore":2,"minecraft:jungle_leaves":5,"minecraft:jungle_log":15,"minecraft:magma_block":2,"minecraft:furnace":1,"minecraft:iron_ore":47,"minecraft:cobbled_deepslate":1,"minecraft:andesite":6,"minecraft:deepslate_iron_ore":13,"minecraft:vine":4,"minecraft:warped_stem":7,"minecraft:stone":113,"minecraft:orange_bed":1,"minecraft:basalt":25,"minecraft:crafting_table":2,"minecraft:torch":6,"minecraft:short_grass":35,"minecraft:melon":13,"minecraft:warped_roots":1,"minecraft:nether_quartz_ore":1,"minecraft:tall_grass":3,"minecraft:cobblestone":10,"minecraft:wall_torch":10,"minecraft:oak_log":9,"minecraft:coal_ore":89,"minecraft:gravel":12,"minecraft:dirt":8,"minecraft:netherrack":241,"minecraft:oak_leaves":5,"minecraft:deepslate":49,"minecraft:fern":1},"minecraft:killed":{"minecraft:spider":2,"minecraft:skeleton":8,"minecraft:wolf":2,"minecraft:magma_cube":8,"minecraft:pig":3,"minecraft:rabbit":1,"minecraft:creeper":4,"minecraft:sheep":12,"minecraft:zombie":9,"minecraft:cow":2,"minecraft:enderman":2},"minecraft:dropped":{"minecraft:iron_ingot":42,"minecraft:warped_stem":8,"minecraft:ender_pearl":1,"minecraft:diamond":1,"minecraft:dripstone_block":2,"minecraft:cooked_porkchop":15,"minecraft:cobblestone":6,"minecraft:jungle_planks":22,"minecraft:stick":12,"minecraft:torch":4,"minecraft:wooden_axe":2,"minecraft:bucket":1,"minecraft:stone_axe":1,"minecraft:stone_sword":1,"minecraft:cobbled_deepslate":4,"minecraft:pointed_dripstone":3,"minecraft:rotten_flesh":28,"minecraft:cooked_mutton":10,"minecraft:white_bed":1,"minecraft:wooden_shovel":1,"minecraft:azalea":1,"minecraft:bamboo":7,"minecraft:stone_pickaxe":2,"minecraft:magma_block":2,"minecraft:quartz":6,"minecraft:netherrack":4},"minecraft:crafted":{"minecraft:oak_planks":36,"minecraft:stone_shovel":1,"minecraft:furnace":2,"minecraft:cooked_mutton":7,"minecraft:stone_pickaxe":6,"minecraft:chest":1,"minecraft:cooked_beef":9,"minecraft:wooden_shovel":2,"minecraft:cooked_porkchop":12,"minecraft:wooden_pickaxe":1,"minecraft:iron_helmet":1,"minecraft:iron_sword":1,"minecraft:stone_axe":2,"minecraft:air":0,"minecraft:jungle_planks":52,"minecraft:stick":44,"minecraft:iron_ingot":44,"minecraft:iron_pickaxe":1,"minecraft:wooden_axe":4,"minecraft:stone_sword":2,"minecraft:iron_leggings":1,"minecraft:gold_ingot":2,"minecraft:white_bed":1,"minecraft:torch":4},"minecraft:picked_up":{"minecraft:wooden_axe":1,"minecraft:cocoa_beans":3,"minecraft:crafting_table":3,"minecraft:iron_chestplate":2,"minecraft:clay_ball":64,"minecraft:diamond_sword":1,"minecraft:amethyst_block":1,"minecraft:string":9,"minecraft:iron_leggings":1,"minecraft:cobbled_deepslate":49,"minecraft:bucket":2,"minecraft:beef":6,"minecraft:azalea":1,"minecraft:light_gray_wool":1,"minecraft:melon_slice":68,"minecraft:iron_boots":2,"minecraft:furnace":4,"minecraft:golden_helmet":1,"minecraft:raw_iron":59,"minecraft:stick":6,"minecraft:torch":21,"minecraft:porkchop":17,"minecraft:pointed_dripstone":3,"minecraft:orange_bed":1,"minecraft:stone_sword":1,"minecraft:diamond_chestplate":1,"minecraft:arrow":2,"minecraft:rotten_flesh":28,"minecraft:glow_berries":1,"minecraft:mutton":16,"minecraft:white_wool":9,"minecraft:cobblestone":128,"minecraft:oxeye_daisy":1,"minecraft:magma_block":2,"minecraft:basalt":26,"minecraft:andesite":6,"minecraft:glow_ink_sac":5,"minecraft:jungle_log":13,"minecraft:leather":5,"minecraft:tuff":2,"minecraft:oak_log":9,"minecraft:gunpowder":1,"minecraft:dirt":19,"minecraft:cooked_mutton":4,"minecraft:bone":16,"minecraft:wheat_seeds":9,"minecraft:warped_stem":8,"minecraft:rabbit_hide":1,"minecraft:stone_pickaxe":1,"minecraft:iron_ingot":70,"minecraft:rabbit":1,"minecraft:bamboo":7,"minecraft:moss_block":1,"minecraft:iron_sword":1,"minecraft:cooked_porkchop":17,"minecraft:quartz":6,"minecraft:dripstone_block":2,"minecraft:jungle_planks":7,"minecraft:spider_eye":1,"minecraft:diamond":2,"minecraft:stone_axe":1,"minecraft:iron_helmet":1,"minecraft:black_wool":1,"minecraft:netherrack":240,"minecraft:coal":89,"minecraft:ender_pearl":1}},"DataVersion":3953}