{"stats":{"minecraft:used":{"minecraft:cooked_mutton":1,"minecraft:stone_sword":124,"minecraft:stone_shovel":2,"minecraft:stone_pickaxe":190,"minecraft:chest":1,"minecraft:wooden_pickaxe":24,"minecraft:iron_sword":9,"minecraft:wooden_shovel":6,"minecraft:orange_bed":1,"minecraft:torch":4,"minecraft:dirt":3,"minecraft:wooden_axe":68,"minecraft:iron_pickaxe":9,"minecraft:melon_slice":22,"minecraft:cobblestone":9,"minecraft:furnace":2,"minecraft:cooked_beef":6},"minecraft:broken":{"minecraft:wooden_axe":1},"minecraft:custom":{"minecraft:interact_with_furnace":59,"minecraft:mob_kills":26,"minecraft:interact_with_crafting_table":33,"minecraft:leave_game":1,"minecraft:time_since_death":75328,"minecraft:sleep_in_bed":2,"minecraft:climb_one_cm":3505,"minecraft:time_since_rest":32887,"minecraft:sprint_one_cm":185702,"minecraft:damage_taken":714,"minecraft:walk_one_cm":281718,"minecraft:drop":15,"minecraft:damage_dealt":2818,"minecraft:swim_one_cm":32803,"minecraft:fly_one_cm":58887,"minecraft:open_chest":10,"minecraft:play_time":75328,"minecraft:walk_under_water_one_cm":1127,"minecraft:jump":1220,"minecraft:walk_on_water_one_cm":17416,"minecraft:total_world_time":75328,"minecraft:fall_one_cm":19123},"minecraft:mined":{"minecraft:tuff":2,"minecraft:deepslate_diamond_ore":1,"minecraft:jungle_leaves":5,"minecraft:torch":2,"minecraft:short_grass":35,"minecraft:melon":13,"minecraft:jungle_log":15,"minecraft:tall_grass":3,"minecraft:wall_torch":7,"minecraft:cobbled_deepslate":1,"minecraft:iron_ore":18,"minecraft:andesite":6,"minecraft:coal_ore":67,"minecraft:oak_log":9,"minecraft:deepslate_iron_ore":2,"minecraft:vine":4,"minecraft:dirt":8,"minecraft:stone":105,"minecraft:deepslate":16,"minecraft:oak_leaves":5,"minecraft:fern":1,"minecraft:orange_bed":1},"minecraft:killed":{"minecraft:wolf":2,"minecraft:pig":3,"minecraft:rabbit":1,"minecraft:spider":1,"minecraft:skeleton":2,"minecraft:sheep":12,"minecraft:zombie":2,"minecraft:enderman":1,"minecraft:cow":2},"minecraft:dropped":{"minecraft:iron_ingot":2,"minecraft:stone_axe":1,"minecraft:cooked_porkchop":4,"minecraft:jungle_planks":22,"minecraft:white_bed":1,"minecraft:stick":9,"minecraft:torch":4,"minecraft:wooden_axe":2,"minecraft:wooden_shovel":1,"minecraft:stone_pickaxe":2},"minecraft:crafted":{"minecraft:cooked_beef":9,"minecraft:oak_planks":36,"minecraft:wooden_shovel":2,"minecraft:stone_shovel":1,"minecraft:cooked_porkchop":8,"minecraft:wooden_pickaxe":1,"minecraft:iron_sword":1,"minecraft:furnace":1,"minecraft:stone_axe":2,"minecraft:cooked_mutton":7,"minecraft:air":0,"minecraft:jungle_planks":52,"minecraft:stick":44,"minecraft:iron_pickaxe":1,"minecraft:iron_ingot":8,"minecraft:stone_pickaxe":6,"minecraft:wooden_axe":4,"minecraft:stone_sword":2,"minecraft:chest":1,"minecraft:white_bed":1},"minecraft:picked_up":{"minecraft:cocoa_beans":3,"minecraft:iron_chestplate":1,"minecraft:jungle_log":13,"minecraft:andesite":6,"minecraft:leather":3,"minecraft:tuff":2,"minecraft:oak_log":9,"minecraft:dirt":19,"minecraft:cooked_mutton":4,"minecraft:wheat_seeds":9,"minecraft:cobbled_deepslate":15,"minecraft:rabbit_hide":1,"minecraft:iron_ingot":2,"minecraft:beef":6,"minecraft:stone_pickaxe":1,"minecraft:light_gray_wool":1,"minecraft:rabbit":1,"minecraft:melon_slice":68,"minecraft:iron_boots":1,"minecraft:furnace":1,"minecraft:stick":2,"minecraft:raw_iron":19,"minecraft:cooked_porkchop":13,"minecraft:torch":9,"minecraft:porkchop":17,"minecraft:jungle_planks":5,"minecraft:spider_eye":1,"minecraft:orange_bed":1,"minecraft:rotten_flesh":1,"minecraft:diamond":1,"minecraft:stone_axe":1,"minecraft:coal":67,"minecraft:glow_berries":1,"minecraft:black_wool":1,"minecraft:mutton":16,"minecraft:white_wool":9,"minecraft:cobblestone":106,"minecraft:oxeye_daisy":1}},"DataVersion":3953}