{"stats":{"minecraft:used":{"minecraft:cooked_mutton":1,"minecraft:stone_sword":106,"minecraft:stone_shovel":2,"minecraft:stone_pickaxe":79,"minecraft:chest":1,"minecraft:wooden_pickaxe":24,"minecraft:wooden_shovel":6,"minecraft:orange_bed":1,"minecraft:torch":1,"minecraft:dirt":2,"minecraft:wooden_axe":68,"minecraft:melon_slice":12,"minecraft:cobblestone":7,"minecraft:cooked_beef":2},"minecraft:broken":{"minecraft:wooden_axe":1},"minecraft:custom":{"minecraft:interact_with_furnace":37,"minecraft:mob_kills":20,"minecraft:interact_with_crafting_table":25,"minecraft:leave_game":1,"minecraft:time_since_death":45328,"minecraft:sleep_in_bed":2,"minecraft:climb_one_cm":2330,"minecraft:time_since_rest":2887,"minecraft:sprint_one_cm":181597,"minecraft:damage_taken":155,"minecraft:walk_one_cm":157103,"minecraft:drop":10,"minecraft:damage_dealt":1812,"minecraft:swim_one_cm":32803,"minecraft:fly_one_cm":54681,"minecraft:open_chest":6,"minecraft:play_time":45328,"minecraft:walk_under_water_one_cm":972,"minecraft:jump":571,"minecraft:walk_on_water_one_cm":13178,"minecraft:total_world_time":45328,"minecraft:fall_one_cm":6214},"minecraft:mined":{"minecraft:jungle_leaves":5,"minecraft:torch":2,"minecraft:short_grass":35,"minecraft:melon":13,"minecraft:jungle_log":15,"minecraft:tall_grass":3,"minecraft:wall_torch":5,"minecraft:andesite":5,"minecraft:oak_log":9,"minecraft:vine":4,"minecraft:dirt":8,"minecraft:stone":98,"minecraft:oak_leaves":5,"minecraft:fern":1,"minecraft:orange_bed":1},"minecraft:killed":{"minecraft:wolf":2,"minecraft:pig":3,"minecraft:rabbit":1,"minecraft:sheep":12,"minecraft:cow":2},"minecraft:dropped":{"minecraft:iron_ingot":2,"minecraft:cooked_porkchop":4,"minecraft:jungle_planks":22,"minecraft:white_bed":1,"minecraft:wooden_axe":2,"minecraft:wooden_shovel":1,"minecraft:stone_pickaxe":1},"minecraft:crafted":{"minecraft:cooked_beef":9,"minecraft:oak_planks":36,"minecraft:wooden_shovel":2,"minecraft:stone_shovel":1,"minecraft:cooked_porkchop":2,"minecraft:wooden_pickaxe":1,"minecraft:stone_axe":2,"minecraft:cooked_mutton":1,"minecraft:jungle_planks":52,"minecraft:stick":32,"minecraft:iron_ingot":2,"minecraft:stone_pickaxe":4,"minecraft:wooden_axe":4,"minecraft:stone_sword":2,"minecraft:chest":1,"minecraft:white_bed":1},"minecraft:picked_up":{"minecraft:cocoa_beans":3,"minecraft:jungle_log":13,"minecraft:andesite":5,"minecraft:leather":3,"minecraft:oak_log":9,"minecraft:dirt":6,"minecraft:wheat_seeds":8,"minecraft:rabbit_hide":1,"minecraft:iron_ingot":2,"minecraft:beef":6,"minecraft:light_gray_wool":1,"minecraft:rabbit":1,"minecraft:melon_slice":68,"minecraft:stick":2,"minecraft:cooked_porkchop":2,"minecraft:torch":7,"minecraft:porkchop":6,"minecraft:jungle_planks":4,"minecraft:orange_bed":1,"minecraft:black_wool":1,"minecraft:mutton":15,"minecraft:white_wool":9,"minecraft:cobblestone":99,"minecraft:oxeye_daisy":1}},"DataVersion":3953}