{"stats":{"minecraft:used":{"minecraft:cooked_mutton":1,"minecraft:wooden_axe":58,"minecraft:stone_sword":106,"minecraft:melon_slice":3,"minecraft:stone_pickaxe":79,"minecraft:stone_shovel":2,"minecraft:wooden_pickaxe":24,"minecraft:wooden_shovel":6,"minecraft:cobblestone":7,"minecraft:dirt":2},"minecraft:broken":{"minecraft:wooden_axe":1},"minecraft:custom":{"minecraft:time_since_rest":14687,"minecraft:interact_with_furnace":12,"minecraft:sprint_one_cm":123326,"minecraft:damage_taken":155,"minecraft:walk_one_cm":120014,"minecraft:mob_kills":20,"minecraft:drop":9,"minecraft:damage_dealt":1812,"minecraft:fly_one_cm":37292,"minecraft:interact_with_crafting_table":18,"minecraft:swim_one_cm":18681,"minecraft:open_chest":1,"minecraft:play_time":33328,"minecraft:walk_under_water_one_cm":179,"minecraft:jump":393,"minecraft:leave_game":1,"minecraft:time_since_death":33328,"minecraft:walk_on_water_one_cm":7292,"minecraft:sleep_in_bed":1,"minecraft:climb_one_cm":2330,"minecraft:total_world_time":33328,"minecraft:fall_one_cm":4211},"minecraft:mined":{"minecraft:jungle_leaves":5,"minecraft:andesite":5,"minecraft:torch":2,"minecraft:short_grass":35,"minecraft:oak_log":9,"minecraft:melon":7,"minecraft:vine":4,"minecraft:jungle_log":15,"minecraft:dirt":8,"minecraft:tall_grass":3,"minecraft:wall_torch":1,"minecraft:stone":98,"minecraft:orange_bed":1,"minecraft:oak_leaves":5,"minecraft:fern":1},"minecraft:killed":{"minecraft:sheep":12,"minecraft:wolf":2,"minecraft:pig":3,"minecraft:rabbit":1,"minecraft:cow":2},"minecraft:dropped":{"minecraft:wooden_axe":2,"minecraft:cooked_porkchop":4,"minecraft:wooden_shovel":1,"minecraft:jungle_planks":22,"minecraft:stone_pickaxe":1,"minecraft:white_bed":1},"minecraft:crafted":{"minecraft:oak_planks":8,"minecraft:wooden_shovel":2,"minecraft:stone_shovel":1,"minecraft:cooked_porkchop":2,"minecraft:stick":28,"minecraft:wooden_pickaxe":1,"minecraft:stone_pickaxe":4,"minecraft:wooden_axe":4,"minecraft:stone_sword":2,"minecraft:white_bed":1,"minecraft:stone_axe":2,"minecraft:cooked_mutton":1,"minecraft:jungle_planks":52},"minecraft:picked_up":{"minecraft:cocoa_beans":3,"minecraft:stick":2,"minecraft:cooked_porkchop":2,"minecraft:andesite":5,"minecraft:jungle_log":13,"minecraft:leather":3,"minecraft:torch":3,"minecraft:porkchop":6,"minecraft:oak_log":9,"minecraft:dirt":6,"minecraft:orange_bed":1,"minecraft:wheat_seeds":8,"minecraft:rabbit_hide":1,"minecraft:beef":6,"minecraft:rabbit":1,"minecraft:light_gray_wool":1,"minecraft:melon_slice":30,"minecraft:black_wool":1,"minecraft:mutton":15,"minecraft:white_wool":9,"minecraft:cobblestone":99}},"DataVersion":3953}