{"stats":{"minecraft:used":{"minecraft:cooked_mutton":1,"minecraft:wooden_axe":42,"minecraft:stone_sword":9,"minecraft:stone_pickaxe":49,"minecraft:stone_shovel":2,"minecraft:wooden_pickaxe":24,"minecraft:wooden_shovel":6,"minecraft:cobblestone":2,"minecraft:dirt":2},"minecraft:custom":{"minecraft:time_since_rest":2687,"minecraft:interact_with_furnace":12,"minecraft:sprint_one_cm":41674,"minecraft:damage_taken":65,"minecraft:walk_one_cm":55104,"minecraft:mob_kills":6,"minecraft:drop":9,"minecraft:damage_dealt":710,"minecraft:fly_one_cm":16004,"minecraft:interact_with_crafting_table":18,"minecraft:swim_one_cm":11091,"minecraft:play_time":21328,"minecraft:walk_under_water_one_cm":79,"minecraft:jump":188,"minecraft:leave_game":1,"minecraft:time_since_death":21328,"minecraft:walk_on_water_one_cm":4277,"minecraft:sleep_in_bed":1,"minecraft:climb_one_cm":1782,"minecraft:total_world_time":21328,"minecraft:fall_one_cm":1581},"minecraft:mined":{"minecraft:jungle_leaves":5,"minecraft:short_grass":4,"minecraft:oak_log":9,"minecraft:vine":4,"minecraft:jungle_log":15,"minecraft:dirt":8,"minecraft:stone":73,"minecraft:oak_leaves":5},"minecraft:killed":{"minecraft:sheep":5,"minecraft:pig":1},"minecraft:dropped":{"minecraft:wooden_axe":2,"minecraft:cooked_porkchop":4,"minecraft:wooden_shovel":1,"minecraft:jungle_planks":22,"minecraft:stone_pickaxe":1,"minecraft:white_bed":1},"minecraft:crafted":{"minecraft:oak_planks":8,"minecraft:wooden_shovel":2,"minecraft:stone_shovel":1,"minecraft:cooked_porkchop":2,"minecraft:stick":28,"minecraft:wooden_pickaxe":1,"minecraft:stone_pickaxe":4,"minecraft:wooden_axe":4,"minecraft:stone_sword":2,"minecraft:white_bed":1,"minecraft:stone_axe":2,"minecraft:cooked_mutton":1,"minecraft:jungle_planks":52},"minecraft:picked_up":{"minecraft:cocoa_beans":3,"minecraft:stick":2,"minecraft:cooked_porkchop":2,"minecraft:jungle_log":13,"minecraft:porkchop":2,"minecraft:oak_log":9,"minecraft:dirt":6,"minecraft:wheat_seeds":2,"minecraft:light_gray_wool":1,"minecraft:black_wool":1,"minecraft:mutton":7,"minecraft:white_wool":3,"minecraft:cobblestone":74}},"DataVersion":3953}