{"stats":{"minecraft:killed":{"minecraft:pig":2,"minecraft:sheep":3,"minecraft:skeleton":1,"minecraft:zombie":4,"minecraft:chicken":2},"minecraft:used":{"minecraft:wheat_seeds":20,"minecraft:cooked_mutton":4,"minecraft:water_bucket":13,"minecraft:stone_sword":23,"minecraft:stone_pickaxe":262,"minecraft:oak_planks":114,"minecraft:chest":1,"minecraft:wooden_pickaxe":59,"minecraft:cooked_chicken":2,"minecraft:oak_door":2,"minecraft:torch":34,"minecraft:dirt":24,"minecraft:crafting_table":4,"minecraft:white_bed":2,"minecraft:wooden_axe":64,"minecraft:wooden_hoe":40,"minecraft:iron_axe":7,"minecraft:iron_pickaxe":154,"minecraft:iron_helmet":1,"minecraft:iron_boots":1,"minecraft:cobblestone":66,"minecraft:cooked_porkchop":1,"minecraft:furnace":4,"minecraft:oak_sapling":3,"minecraft:bucket":14,"minecraft:oak_boat":1,"minecraft:bone_meal":9,"minecraft:iron_leggings":1},"minecraft:crafted":{"minecraft:oak_door":3,"minecraft:oak_planks":168,"minecraft:cooked_porkchop":4,"minecraft:crafting_table":2,"minecraft:iron_helmet":1,"minecraft:cooked_chicken":1,"minecraft:wooden_pickaxe":1,"minecraft:iron_sword":1,"minecraft:furnace":2,"minecraft:bone_meal":9,"minecraft:bucket":1,"minecraft:cooked_mutton":4,"minecraft:air":0,"minecraft:oak_boat":1,"minecraft:iron_boots":1,"minecraft:iron_chestplate":1,"minecraft:wooden_hoe":1,"minecraft:iron_axe":1,"minecraft:stick":28,"minecraft:iron_ingot":57,"minecraft:iron_pickaxe":1,"minecraft:stone_pickaxe":2,"minecraft:wooden_axe":2,"minecraft:stone_sword":1,"minecraft:chest":1,"minecraft:iron_leggings":1,"minecraft:white_bed":1,"minecraft:acacia_planks":12,"minecraft:torch":40},"minecraft:custom":{"minecraft:interact_with_furnace":45,"minecraft:mob_kills":13,"minecraft:interact_with_crafting_table":33,"minecraft:leave_game":3,"minecraft:time_since_death":54223,"minecraft:sleep_in_bed":4,"minecraft:time_since_rest":12139,"minecraft:sprint_one_cm":167501,"minecraft:damage_taken":565,"minecraft:walk_one_cm":221894,"minecraft:damage_dealt":1548,"minecraft:swim_one_cm":10742,"minecraft:fly_one_cm":85016,"minecraft:open_chest":8,"minecraft:crouch_one_cm":4528,"minecraft:play_time":72147,"minecraft:deaths":1,"minecraft:sneak_time":757,"minecraft:walk_under_water_one_cm":5102,"minecraft:boat_one_cm":189324,"minecraft:jump":647,"minecraft:walk_on_water_one_cm":16813,"minecraft:total_world_time":72147,"minecraft:fall_one_cm":18404},"minecraft:broken":{"minecraft:stone_pickaxe":2,"minecraft:wooden_axe":1,"minecraft:wooden_pickaxe":1},"minecraft:killed_by":{"minecraft:zombie":1},"minecraft:picked_up":{"minecraft:wooden_axe":1,"minecraft:wheat":2,"minecraft:crafting_table":2,"minecraft:feather":2,"minecraft:chicken":2,"minecraft:andesite":51,"minecraft:oak_log":42,"minecraft:cornflower":1,"minecraft:dirt":55,"minecraft:raw_copper":4,"minecraft:bone":3,"minecraft:acacia_planks":9,"minecraft:wheat_seeds":20,"minecraft:red_sand":2,"minecraft:raw_gold":6,"minecraft:cooked_chicken":1,"minecraft:poppy":4,"minecraft:oak_planks":11,"minecraft:furnace":2,"minecraft:raw_iron":57,"minecraft:stick":6,"minecraft:oak_door":1,"minecraft:torch":3,"minecraft:dandelion":9,"minecraft:acacia_log":3,"minecraft:gravel":2,"minecraft:porkchop":4,"minecraft:diorite":14,"minecraft:white_bed":1,"minecraft:arrow":2,"minecraft:rotten_flesh":8,"minecraft:granite":37,"minecraft:oak_sapling":3,"minecraft:mutton":8,"minecraft:coal":105,"minecraft:white_wool":3,"minecraft:cobblestone":210,"minecraft:oxeye_daisy":1},"minecraft:mined":{"minecraft:white_bed":1,"minecraft:oak_door":1,"minecraft:crafting_table":2,"minecraft:glow_lichen":2,"minecraft:torch":1,"minecraft:granite":37,"minecraft:red_sand":1,"minecraft:acacia_log":3,"minecraft:grass_block":55,"minecraft:tall_grass":1,"minecraft:copper_ore":1,"minecraft:oak_planks":12,"minecraft:diorite":14,"minecraft:wall_torch":1,"minecraft:furnace":2,"minecraft:iron_ore":59,"minecraft:wheat":2,"minecraft:andesite":51,"minecraft:grass":13,"minecraft:coal_ore":88,"minecraft:oak_log":42,"minecraft:gravel":2,"minecraft:dirt":1,"minecraft:stone":210,"minecraft:gold_ore":6,"minecraft:oak_leaves":6}},"DataVersion":3463}