{"stats":{"minecraft:killed":{"minecraft:sheep":3,"minecraft:skeleton":1,"minecraft:zombie":2,"minecraft:chicken":1},"minecraft:used":{"minecraft:cooked_mutton":4,"minecraft:stone_sword":9,"minecraft:stone_pickaxe":262,"minecraft:oak_planks":114,"minecraft:chest":1,"minecraft:wooden_pickaxe":59,"minecraft:cooked_chicken":1,"minecraft:oak_door":2,"minecraft:torch":23,"minecraft:dirt":24,"minecraft:crafting_table":4,"minecraft:white_bed":2,"minecraft:wooden_axe":63,"minecraft:iron_pickaxe":110,"minecraft:cobblestone":22,"minecraft:furnace":3,"minecraft:oak_sapling":1,"minecraft:oak_boat":1},"minecraft:crafted":{"minecraft:oak_door":3,"minecraft:oak_planks":144,"minecraft:crafting_table":2,"minecraft:wooden_pickaxe":1,"minecraft:furnace":1,"minecraft:cooked_mutton":4,"minecraft:air":0,"minecraft:oak_boat":1,"minecraft:stick":20,"minecraft:iron_ingot":3,"minecraft:iron_pickaxe":1,"minecraft:stone_pickaxe":2,"minecraft:wooden_axe":2,"minecraft:stone_sword":1,"minecraft:chest":1,"minecraft:white_bed":1,"minecraft:acacia_planks":12,"minecraft:torch":28},"minecraft:custom":{"minecraft:interact_with_furnace":9,"minecraft:mob_kills":8,"minecraft:interact_with_crafting_table":16,"minecraft:leave_game":2,"minecraft:time_since_death":35386,"minecraft:sleep_in_bed":3,"minecraft:time_since_rest":13547,"minecraft:sprint_one_cm":109201,"minecraft:damage_taken":565,"minecraft:walk_one_cm":121738,"minecraft:damage_dealt":929,"minecraft:swim_one_cm":10742,"minecraft:fly_one_cm":65868,"minecraft:open_chest":4,"minecraft:crouch_one_cm":4344,"minecraft:play_time":53310,"minecraft:deaths":1,"minecraft:sneak_time":741,"minecraft:walk_under_water_one_cm":4971,"minecraft:boat_one_cm":189324,"minecraft:jump":414,"minecraft:walk_on_water_one_cm":12358,"minecraft:total_world_time":53310,"minecraft:fall_one_cm":14408},"minecraft:broken":{"minecraft:stone_pickaxe":2,"minecraft:wooden_axe":1,"minecraft:wooden_pickaxe":1},"minecraft:killed_by":{"minecraft:zombie":1},"minecraft:picked_up":{"minecraft:wooden_axe":1,"minecraft:crafting_table":2,"minecraft:feather":2,"minecraft:chicken":1,"minecraft:andesite":50,"minecraft:oak_log":36,"minecraft:dirt":36,"minecraft:raw_copper":4,"minecraft:bone":3,"minecraft:acacia_planks":9,"minecraft:wheat_seeds":1,"minecraft:red_sand":2,"minecraft:raw_gold":5,"minecraft:cooked_chicken":1,"minecraft:oak_planks":11,"minecraft:furnace":2,"minecraft:raw_iron":27,"minecraft:stick":5,"minecraft:oak_door":1,"minecraft:torch":2,"minecraft:acacia_log":3,"minecraft:gravel":2,"minecraft:diorite":14,"minecraft:white_bed":1,"minecraft:arrow":2,"minecraft:rotten_flesh":2,"minecraft:granite":37,"minecraft:oak_sapling":1,"minecraft:mutton":8,"minecraft:coal":100,"minecraft:white_wool":3,"minecraft:cobblestone":206},"minecraft:mined":{"minecraft:white_bed":1,"minecraft:oak_door":1,"minecraft:crafting_table":2,"minecraft:torch":1,"minecraft:granite":37,"minecraft:red_sand":1,"minecraft:acacia_log":3,"minecraft:grass_block":36,"minecraft:copper_ore":1,"minecraft:oak_planks":12,"minecraft:diorite":14,"minecraft:wall_torch":1,"minecraft:furnace":2,"minecraft:iron_ore":27,"minecraft:andesite":50,"minecraft:grass":12,"minecraft:coal_ore":83,"minecraft:oak_log":36,"minecraft:gravel":2,"minecraft:dirt":1,"minecraft:stone":206,"minecraft:gold_ore":5,"minecraft:oak_leaves":5}},"DataVersion":3463}