{"stats":{"minecraft:killed":{"minecraft:pig":2,"minecraft:sheep":3,"minecraft:skeleton":1,"minecraft:zombie":4,"minecraft:chicken":2},"minecraft:used":{"minecraft:cooked_mutton":4,"minecraft:stone_sword":23,"minecraft:stone_pickaxe":262,"minecraft:oak_planks":114,"minecraft:chest":1,"minecraft:wooden_pickaxe":59,"minecraft:cooked_chicken":2,"minecraft:oak_door":2,"minecraft:torch":34,"minecraft:dirt":24,"minecraft:crafting_table":4,"minecraft:white_bed":2,"minecraft:wooden_axe":64,"minecraft:iron_pickaxe":154,"minecraft:iron_helmet":1,"minecraft:iron_boots":1,"minecraft:cobblestone":66,"minecraft:cooked_porkchop":1,"minecraft:furnace":4,"minecraft:oak_sapling":1,"minecraft:oak_boat":1,"minecraft:iron_leggings":1},"minecraft:crafted":{"minecraft:oak_door":3,"minecraft:oak_planks":144,"minecraft:cooked_porkchop":4,"minecraft:crafting_table":2,"minecraft:iron_helmet":1,"minecraft:cooked_chicken":1,"minecraft:wooden_pickaxe":1,"minecraft:furnace":2,"minecraft:cooked_mutton":4,"minecraft:air":0,"minecraft:oak_boat":1,"minecraft:iron_boots":1,"minecraft:iron_chestplate":1,"minecraft:stick":20,"minecraft:iron_ingot":28,"minecraft:iron_pickaxe":1,"minecraft:stone_pickaxe":2,"minecraft:wooden_axe":2,"minecraft:stone_sword":1,"minecraft:chest":1,"minecraft:iron_leggings":1,"minecraft:white_bed":1,"minecraft:acacia_planks":12,"minecraft:torch":40},"minecraft:custom":{"minecraft:interact_with_furnace":37,"minecraft:mob_kills":13,"minecraft:interact_with_crafting_table":28,"minecraft:leave_game":2,"minecraft:time_since_death":47386,"minecraft:sleep_in_bed":4,"minecraft:time_since_rest":5302,"minecraft:sprint_one_cm":132491,"minecraft:damage_taken":565,"minecraft:walk_one_cm":192138,"minecraft:damage_dealt":1548,"minecraft:swim_one_cm":10742,"minecraft:fly_one_cm":73171,"minecraft:open_chest":6,"minecraft:crouch_one_cm":4465,"minecraft:play_time":65310,"minecraft:deaths":1,"minecraft:sneak_time":753,"minecraft:walk_under_water_one_cm":5102,"minecraft:boat_one_cm":189324,"minecraft:jump":587,"minecraft:walk_on_water_one_cm":14704,"minecraft:total_world_time":65310,"minecraft:fall_one_cm":15989},"minecraft:broken":{"minecraft:stone_pickaxe":2,"minecraft:wooden_axe":1,"minecraft:wooden_pickaxe":1},"minecraft:killed_by":{"minecraft:zombie":1},"minecraft:picked_up":{"minecraft:wooden_axe":1,"minecraft:crafting_table":2,"minecraft:feather":2,"minecraft:chicken":2,"minecraft:andesite":51,"minecraft:oak_log":36,"minecraft:dirt":36,"minecraft:raw_copper":4,"minecraft:bone":3,"minecraft:acacia_planks":9,"minecraft:wheat_seeds":1,"minecraft:red_sand":2,"minecraft:raw_gold":6,"minecraft:cooked_chicken":1,"minecraft:oak_planks":11,"minecraft:furnace":2,"minecraft:raw_iron":57,"minecraft:stick":5,"minecraft:oak_door":1,"minecraft:torch":3,"minecraft:acacia_log":3,"minecraft:gravel":2,"minecraft:porkchop":4,"minecraft:diorite":14,"minecraft:white_bed":1,"minecraft:arrow":2,"minecraft:rotten_flesh":8,"minecraft:granite":37,"minecraft:oak_sapling":1,"minecraft:mutton":8,"minecraft:coal":105,"minecraft:white_wool":3,"minecraft:cobblestone":210},"minecraft:mined":{"minecraft:white_bed":1,"minecraft:oak_door":1,"minecraft:crafting_table":2,"minecraft:glow_lichen":2,"minecraft:torch":1,"minecraft:granite":37,"minecraft:red_sand":1,"minecraft:acacia_log":3,"minecraft:grass_block":36,"minecraft:copper_ore":1,"minecraft:oak_planks":12,"minecraft:diorite":14,"minecraft:wall_torch":1,"minecraft:furnace":2,"minecraft:iron_ore":59,"minecraft:andesite":51,"minecraft:grass":12,"minecraft:coal_ore":88,"minecraft:oak_log":36,"minecraft:gravel":2,"minecraft:dirt":1,"minecraft:stone":210,"minecraft:gold_ore":6,"minecraft:oak_leaves":5}},"DataVersion":3463}