{"stats":{"minecraft:mined":{"minecraft:short_grass":2,"minecraft:dead_bush":2,"minecraft:fern":1},"minecraft:picked_up":{"minecraft:stick":1},"minecraft:custom":{"minecraft:jump":12,"minecraft:time_since_rest":422,"minecraft:crouch_one_cm":64,"minecraft:leave_game":1,"minecraft:sprint_one_cm":4637,"minecraft:play_time":422,"minecraft:time_since_death":422,"minecraft:walk_one_cm":595,"minecraft:sneak_time":7,"minecraft:total_world_time":422,"minecraft:fall_one_cm":627,"minecraft:fly_one_cm":4195}},"DataVersion":3953}