{"stats":{"minecraft:killed":{"minecraft:sheep":3,"minecraft:zombie":1,"minecraft:chicken":1},"minecraft:used":{"minecraft:cooked_mutton":2,"minecraft:wooden_axe":13,"minecraft:wooden_pickaxe":35,"minecraft:crafting_table":3,"minecraft:furnace":1,"minecraft:white_bed":1,"minecraft:oak_boat":1},"minecraft:crafted":{"minecraft:oak_boat":1,"minecraft:oak_planks":16,"minecraft:crafting_table":2,"minecraft:stick":8,"minecraft:wooden_pickaxe":1,"minecraft:stone_pickaxe":1,"minecraft:wooden_axe":1,"minecraft:furnace":1,"minecraft:white_bed":1,"minecraft:acacia_planks":12,"minecraft:cooked_mutton":4},"minecraft:custom":{"minecraft:time_since_rest":7154,"minecraft:interact_with_furnace":5,"minecraft:sprint_one_cm":38778,"minecraft:damage_taken":355,"minecraft:walk_one_cm":31884,"minecraft:mob_kills":6,"minecraft:damage_dealt":530,"minecraft:swim_one_cm":4840,"minecraft:interact_with_crafting_table":7,"minecraft:fly_one_cm":35577,"minecraft:crouch_one_cm":787,"minecraft:play_time":25011,"minecraft:deaths":1,"minecraft:sneak_time":158,"minecraft:walk_under_water_one_cm":3752,"minecraft:boat_one_cm":189324,"minecraft:jump":181,"minecraft:leave_game":2,"minecraft:time_since_death":7087,"minecraft:walk_on_water_one_cm":8230,"minecraft:sleep_in_bed":1,"minecraft:total_world_time":25011,"minecraft:fall_one_cm":9040},"minecraft:killed_by":{"minecraft:zombie":1},"minecraft:picked_up":{"minecraft:wooden_axe":1,"minecraft:stick":2,"minecraft:crafting_table":1,"minecraft:feather":2,"minecraft:chicken":1,"minecraft:acacia_log":3,"minecraft:oak_log":4,"minecraft:dirt":1,"minecraft:acacia_planks":9,"minecraft:red_sand":2,"minecraft:mutton":8,"minecraft:oak_planks":2,"minecraft:coal":22,"minecraft:white_wool":3,"minecraft:cobblestone":12},"minecraft:mined":{"minecraft:crafting_table":1,"minecraft:grass":1,"minecraft:red_sand":1,"minecraft:acacia_log":3,"minecraft:grass_block":1,"minecraft:oak_log":4,"minecraft:coal_ore":22,"minecraft:stone":12}},"DataVersion":3463}