{"stats":{"minecraft:used":{"minecraft:dirt":2},"minecraft:picked_up":{"minecraft:dirt":3},"minecraft:custom":{"minecraft:jump":28,"minecraft:time_since_rest":2275,"minecraft:crouch_one_cm":189,"minecraft:leave_game":3,"minecraft:play_time":2275,"minecraft:sprint_one_cm":4687,"minecraft:damage_taken":200,"minecraft:time_since_death":2275,"minecraft:walk_one_cm":7215,"minecraft:sneak_time":19,"minecraft:total_world_time":2275,"minecraft:fall_one_cm":836,"minecraft:fly_one_cm":1110},"minecraft:mined":{"minecraft:powder_snow":15,"minecraft:dirt":3}},"DataVersion":3953}