{"stats":{"minecraft:used":{"minecraft:dirt":11},"minecraft:picked_up":{"minecraft:azure_bluet":5,"minecraft:wheat_seeds":4,"minecraft:dandelion":4,"minecraft:coal":1,"minecraft:dirt":22},"minecraft:custom":{"minecraft:time_since_rest":4621,"minecraft:walk_one_cm":30328,"minecraft:crouch_one_cm":504,"minecraft:sprint_one_cm":15892,"minecraft:play_time":13728,"minecraft:damage_taken":690,"minecraft:deaths":3,"minecraft:sneak_time":71,"minecraft:jump":90,"minecraft:leave_game":3,"minecraft:time_since_death":4557,"minecraft:total_world_time":13728,"minecraft:fly_one_cm":4770,"minecraft:fall_one_cm":7835},"minecraft:mined":{"minecraft:short_grass":18,"minecraft:grass_block":11,"minecraft:dirt":14,"minecraft:tall_grass":1,"minecraft:dandelion":5,"minecraft:powder_snow":32,"minecraft:azure_bluet":5}},"DataVersion":3953}