{"stats":{"minecraft:killed":{"minecraft:sheep":3,"minecraft:zombie":1,"minecraft:chicken":1},"minecraft:used":{"minecraft:cooked_mutton":2,"minecraft:wooden_axe":63,"minecraft:stone_pickaxe":45,"minecraft:oak_planks":113,"minecraft:chest":1,"minecraft:wooden_pickaxe":35,"minecraft:oak_door":2,"minecraft:dirt":24,"minecraft:crafting_table":4,"minecraft:furnace":2,"minecraft:white_bed":1,"minecraft:oak_boat":1},"minecraft:crafted":{"minecraft:oak_door":3,"minecraft:oak_boat":1,"minecraft:oak_planks":144,"minecraft:crafting_table":2,"minecraft:stick":12,"minecraft:wooden_pickaxe":1,"minecraft:stone_pickaxe":1,"minecraft:wooden_axe":2,"minecraft:chest":1,"minecraft:furnace":1,"minecraft:white_bed":1,"minecraft:acacia_planks":12,"minecraft:torch":16,"minecraft:cooked_mutton":4},"minecraft:custom":{"minecraft:time_since_rest":10116,"minecraft:interact_with_furnace":6,"minecraft:sprint_one_cm":68533,"minecraft:damage_taken":355,"minecraft:walk_one_cm":74350,"minecraft:mob_kills":6,"minecraft:damage_dealt":530,"minecraft:swim_one_cm":5836,"minecraft:interact_with_crafting_table":12,"minecraft:fly_one_cm":42999,"minecraft:open_chest":2,"minecraft:crouch_one_cm":4344,"minecraft:play_time":35310,"minecraft:deaths":1,"minecraft:sneak_time":741,"minecraft:walk_under_water_one_cm":4431,"minecraft:boat_one_cm":189324,"minecraft:jump":250,"minecraft:leave_game":2,"minecraft:time_since_death":17386,"minecraft:walk_on_water_one_cm":9404,"minecraft:sleep_in_bed":2,"minecraft:total_world_time":35310,"minecraft:fall_one_cm":9787},"minecraft:broken":{"minecraft:wooden_axe":1},"minecraft:killed_by":{"minecraft:zombie":1},"minecraft:picked_up":{"minecraft:wooden_axe":1,"minecraft:stick":5,"minecraft:crafting_table":2,"minecraft:feather":2,"minecraft:chicken":1,"minecraft:oak_door":1,"minecraft:acacia_log":3,"minecraft:oak_log":36,"minecraft:dirt":36,"minecraft:acacia_planks":9,"minecraft:wheat_seeds":1,"minecraft:red_sand":2,"minecraft:cooked_chicken":1,"minecraft:oak_sapling":1,"minecraft:mutton":8,"minecraft:oak_planks":11,"minecraft:coal":22,"minecraft:white_wool":3,"minecraft:cobblestone":55,"minecraft:furnace":1},"minecraft:mined":{"minecraft:furnace":1,"minecraft:oak_door":1,"minecraft:crafting_table":2,"minecraft:grass":12,"minecraft:red_sand":1,"minecraft:acacia_log":3,"minecraft:grass_block":36,"minecraft:oak_log":36,"minecraft:coal_ore":22,"minecraft:dirt":1,"minecraft:stone":55,"minecraft:oak_planks":12,"minecraft:oak_leaves":5}},"DataVersion":3463}