{"stats":{"minecraft:used":{"minecraft:cooked_mutton":3,"minecraft:diorite":13,"minecraft:tropical_fish":8,"minecraft:stone_pickaxe":172,"minecraft:wooden_pickaxe":118,"minecraft:crafting_table":1,"minecraft:melon_slice":10,"minecraft:iron_pickaxe":135,"minecraft:gravel":4,"minecraft:bamboo":7,"minecraft:cobblestone":92,"minecraft:furnace":1,"minecraft:cooked_porkchop":1,"minecraft:cooked_rabbit":1,"minecraft:andesite":18},"minecraft:broken":{"minecraft:wooden_pickaxe":2},"minecraft:custom":{"minecraft:interact_with_furnace":9,"minecraft:mob_kills":12,"minecraft:interact_with_crafting_table":5,"minecraft:leave_game":1,"minecraft:time_since_death":63850,"minecraft:sleep_in_bed":2,"minecraft:climb_one_cm":1991,"minecraft:time_since_rest":32887,"minecraft:sprint_one_cm":156612,"minecraft:damage_taken":498,"minecraft:walk_one_cm":276913,"minecraft:drop":2,"minecraft:damage_dealt":1313,"minecraft:swim_one_cm":2272,"minecraft:fly_one_cm":70216,"minecraft:open_chest":4,"minecraft:crouch_one_cm":1264,"minecraft:play_time":63850,"minecraft:sneak_time":472,"minecraft:walk_under_water_one_cm":5825,"minecraft:jump":1147,"minecraft:walk_on_water_one_cm":13647,"minecraft:total_world_time":63850,"minecraft:fall_one_cm":11138},"minecraft:mined":{"minecraft:deepslate_redstone_ore":1,"minecraft:deepslate_diamond_ore":11,"minecraft:clay":8,"minecraft:glow_lichen":1,"minecraft:short_grass":1,"minecraft:calcite":1,"minecraft:melon":2,"minecraft:jungle_log":15,"minecraft:cobblestone":1,"minecraft:deepslate_gold_ore":14,"minecraft:moss_block":8,"minecraft:diorite":15,"minecraft:iron_ore":8,"minecraft:andesite":40,"minecraft:coal_ore":16,"minecraft:deepslate_iron_ore":29,"minecraft:vine":3,"minecraft:gravel":9,"minecraft:stone":134,"minecraft:deepslate":82},"minecraft:killed":{"minecraft:skeleton":2,"minecraft:zombie":1,"minecraft:tropical_fish":9},"minecraft:dropped":{"minecraft:jungle_planks":11,"minecraft:stick":5},"minecraft:crafted":{"minecraft:cooked_porkchop":1,"minecraft:crafting_table":1,"minecraft:wooden_pickaxe":2,"minecraft:furnace":1,"minecraft:cooked_mutton":3,"minecraft:jungle_planks":60,"minecraft:stick":20,"minecraft:iron_ingot":7,"minecraft:iron_pickaxe":1,"minecraft:stone_pickaxe":2,"minecraft:cooked_rabbit":1},"minecraft:picked_up":{"minecraft:clay_ball":28,"minecraft:andesite":40,"minecraft:jungle_log":15,"minecraft:string":1,"minecraft:moss_carpet":2,"minecraft:bone":2,"minecraft:cobbled_deepslate":87,"minecraft:raw_gold":14,"minecraft:bamboo":7,"minecraft:moss_block":10,"minecraft:melon_slice":10,"minecraft:raw_iron":37,"minecraft:torch":1,"minecraft:gravel":9,"minecraft:diorite":15,"minecraft:redstone":5,"minecraft:arrow":2,"minecraft:diamond":10,"minecraft:tropical_fish":9,"minecraft:coal":16,"minecraft:cobblestone":135,"minecraft:ender_pearl":1}},"DataVersion":3953}