{"stats":{"minecraft:killed":{"minecraft:pig":7,"minecraft:skeleton":1,"minecraft:sheep":14,"minecraft:zombie":9,"minecraft:cow":4},"minecraft:mined":{"minecraft:oak_slab":2,"minecraft:tuff":2,"minecraft:oak_sapling":3,"minecraft:white_bed":2,"minecraft:dandelion":2,"minecraft:cornflower":2,"minecraft:oak_fence":2,"minecraft:crafting_table":1,"minecraft:glow_lichen":1,"minecraft:granite":7,"minecraft:short_grass":179,"minecraft:grass_block":175,"minecraft:jungle_log":5,"minecraft:tall_grass":7,"minecraft:cobblestone":29,"minecraft:deepslate_gold_ore":10,"minecraft:oak_planks":25,"minecraft:sugar_cane":7,"minecraft:diorite":1,"minecraft:birch_log":12,"minecraft:iron_ore":40,"minecraft:wheat":19,"minecraft:birch_leaves":2,"minecraft:azure_bluet":3,"minecraft:oak_log":185,"minecraft:coal_ore":40,"minecraft:vine":2,"minecraft:dirt":41,"minecraft:stone":22,"minecraft:oak_leaves":69},"minecraft:crafted":{"minecraft:cooked_beef":4,"minecraft:oak_slab":42,"minecraft:oak_planks":592,"minecraft:stone_shovel":1,"minecraft:cooked_porkchop":6,"minecraft:crafting_table":2,"minecraft:jungle_boat":1,"minecraft:wooden_pickaxe":1,"minecraft:iron_helmet":1,"minecraft:furnace":1,"minecraft:bucket":1,"minecraft:cooked_mutton":17,"minecraft:air":0,"minecraft:jungle_planks":28,"minecraft:iron_chestplate":1,"minecraft:iron_axe":1,"minecraft:iron_ingot":26,"minecraft:iron_pickaxe":1,"minecraft:wooden_axe":1,"minecraft:chest":4,"minecraft:iron_leggings":1,"minecraft:gold_ingot":10,"minecraft:white_bed":3,"minecraft:torch":40,"minecraft:stone_hoe":1},"minecraft:used":{"minecraft:wheat_seeds":73,"minecraft:cooked_mutton":7,"minecraft:water_bucket":47,"minecraft:birch_planks":1,"minecraft:stone_shovel":136,"minecraft:oak_planks":231,"minecraft:chest":4,"minecraft:wooden_pickaxe":36,"minecraft:sugar_cane":7,"minecraft:stone_hoe":60,"minecraft:rotten_flesh":1,"minecraft:jungle_boat":1,"minecraft:white_wool":2,"minecraft:torch":20,"minecraft:golden_hoe":11,"minecraft:dirt":85,"minecraft:oak_slab":38,"minecraft:crafting_table":4,"minecraft:white_bed":7,"minecraft:tuff":1,"minecraft:wooden_axe":5,"minecraft:iron_axe":219,"minecraft:melon_slice":4,"minecraft:iron_pickaxe":156,"minecraft:stone_axe":131,"minecraft:cobblestone":29,"minecraft:furnace":1,"minecraft:cooked_porkchop":5,"minecraft:bucket":48,"minecraft:egg":1,"minecraft:cooked_beef":4},"minecraft:killed_by":{"minecraft:drowned":1},"minecraft:picked_up":{"minecraft:birch_log":12,"minecraft:crafting_table":2,"minecraft:wheat":15,"minecraft:azure_bluet":3,"minecraft:jungle_log":7,"minecraft:leather":1,"minecraft:birch_planks":1,"minecraft:tuff":2,"minecraft:oak_log":185,"minecraft:cornflower":4,"minecraft:dirt":208,"minecraft:cooked_mutton":1,"minecraft:apple":4,"minecraft:wheat_seeds":92,"minecraft:raw_gold":10,"minecraft:iron_ingot":6,"minecraft:beef":8,"minecraft:poppy":2,"minecraft:melon_slice":5,"minecraft:sugar_cane":9,"minecraft:birch_sapling":5,"minecraft:oak_planks":50,"minecraft:egg":1,"minecraft:oak_slab":2,"minecraft:stick":47,"minecraft:raw_iron":41,"minecraft:cooked_porkchop":1,"minecraft:dandelion":8,"minecraft:porkchop":14,"minecraft:diorite":1,"minecraft:white_bed":4,"minecraft:rotten_flesh":7,"minecraft:stone_axe":1,"minecraft:granite":5,"minecraft:gray_wool":2,"minecraft:oak_sapling":58,"minecraft:black_wool":1,"minecraft:mutton":19,"minecraft:coal":41,"minecraft:white_wool":11,"minecraft:cobblestone":56,"minecraft:oxeye_daisy":2},"minecraft:dropped":{"minecraft:porkchop":3,"minecraft:wheat_seeds":1,"minecraft:oak_planks":164,"minecraft:cooked_mutton":6,"minecraft:white_bed":2,"minecraft:torch":20,"minecraft:golden_hoe":1},"minecraft:custom":{"minecraft:interact_with_furnace":46,"minecraft:mob_kills":35,"minecraft:animals_bred":7,"minecraft:interact_with_crafting_table":21,"minecraft:leave_game":4,"minecraft:time_since_death":166266,"minecraft:sleep_in_bed":9,"minecraft:climb_one_cm":1384,"minecraft:time_since_rest":2463,"minecraft:sprint_one_cm":378171,"minecraft:damage_taken":1117,"minecraft:walk_one_cm":690736,"minecraft:drop":74,"minecraft:damage_dealt":3963,"minecraft:swim_one_cm":15717,"minecraft:fly_one_cm":107953,"minecraft:open_chest":30,"minecraft:crouch_one_cm":1612,"minecraft:play_time":171940,"minecraft:deaths":1,"minecraft:sneak_time":395,"minecraft:walk_under_water_one_cm":11439,"minecraft:boat_one_cm":97446,"minecraft:jump":1331,"minecraft:walk_on_water_one_cm":20007,"minecraft:total_world_time":171940,"minecraft:fall_one_cm":11589},"minecraft:broken":{"minecraft:iron_axe":1,"minecraft:stone_axe":1,"minecraft:stone_shovel":1}},"DataVersion":3955}