{"stats":{"minecraft:used":{"minecraft:cobblestone":3,"minecraft:melon_slice":4,"minecraft:wooden_pickaxe":18},"minecraft:custom":{"minecraft:time_since_rest":2530,"minecraft:crouch_one_cm":61,"minecraft:sprint_one_cm":46727,"minecraft:play_time":9850,"minecraft:damage_taken":70,"minecraft:walk_one_cm":24090,"minecraft:sneak_time":7,"minecraft:jump":193,"minecraft:leave_game":1,"minecraft:walk_on_water_one_cm":150,"minecraft:time_since_death":9850,"minecraft:sleep_in_bed":1,"minecraft:climb_one_cm":158,"minecraft:total_world_time":9850,"minecraft:interact_with_crafting_table":1,"minecraft:fall_one_cm":4714,"minecraft:fly_one_cm":36739},"minecraft:mined":{"minecraft:short_grass":1,"minecraft:melon":2,"minecraft:vine":1,"minecraft:jungle_log":6,"minecraft:andesite":4,"minecraft:stone":14},"minecraft:crafted":{"minecraft:stick":4,"minecraft:wooden_pickaxe":2,"minecraft:jungle_planks":24},"minecraft:picked_up":{"minecraft:andesite":2,"minecraft:jungle_log":6,"minecraft:bamboo":7,"minecraft:melon_slice":10,"minecraft:cobblestone":14}},"DataVersion":3953}