{"stats":{"minecraft:used":{"minecraft:melon_slice":9,"minecraft:stone_pickaxe":117,"minecraft:wooden_pickaxe":118,"minecraft:gravel":2,"minecraft:cobblestone":21},"minecraft:broken":{"minecraft:wooden_pickaxe":2},"minecraft:custom":{"minecraft:time_since_rest":14530,"minecraft:sprint_one_cm":57228,"minecraft:damage_taken":70,"minecraft:walk_one_cm":62500,"minecraft:interact_with_crafting_table":2,"minecraft:fly_one_cm":39686,"minecraft:crouch_one_cm":61,"minecraft:play_time":21850,"minecraft:sneak_time":7,"minecraft:jump":302,"minecraft:leave_game":1,"minecraft:time_since_death":21850,"minecraft:walk_on_water_one_cm":150,"minecraft:sleep_in_bed":1,"minecraft:total_world_time":21850,"minecraft:climb_one_cm":405,"minecraft:fall_one_cm":4983},"minecraft:mined":{"minecraft:andesite":31,"minecraft:clay":4,"minecraft:glow_lichen":1,"minecraft:short_grass":1,"minecraft:calcite":1,"minecraft:melon":2,"minecraft:deepslate_iron_ore":8,"minecraft:vine":1,"minecraft:jungle_log":6,"minecraft:gravel":6,"minecraft:stone":103,"minecraft:moss_block":7,"minecraft:diorite":15,"minecraft:deepslate":59},"minecraft:crafted":{"minecraft:stick":16,"minecraft:wooden_pickaxe":2,"minecraft:stone_pickaxe":2,"minecraft:jungle_planks":24},"minecraft:picked_up":{"minecraft:raw_iron":8,"minecraft:clay_ball":16,"minecraft:jungle_log":6,"minecraft:andesite":31,"minecraft:gravel":6,"minecraft:diorite":15,"minecraft:cobbled_deepslate":59,"minecraft:bamboo":7,"minecraft:melon_slice":10,"minecraft:moss_block":7,"minecraft:cobblestone":103}},"DataVersion":3953}