{"stats":{"minecraft:killed":{"minecraft:pig":7,"minecraft:skeleton":2,"minecraft:sheep":14,"minecraft:zombie":9,"minecraft:cow":4},"minecraft:custom":{"minecraft:interact_with_furnace":48,"minecraft:mob_kills":36,"minecraft:animals_bred":10,"minecraft:interact_with_crafting_table":30,"minecraft:leave_game":6,"minecraft:time_since_death":187232,"minecraft:sleep_in_bed":11,"minecraft:climb_one_cm":1384,"minecraft:time_since_rest":8262,"minecraft:sprint_one_cm":431713,"minecraft:damage_taken":1187,"minecraft:walk_one_cm":750459,"minecraft:drop":74,"minecraft:damage_dealt":4083,"minecraft:swim_one_cm":20830,"minecraft:fly_one_cm":113359,"minecraft:open_chest":36,"minecraft:crouch_one_cm":1758,"minecraft:play_time":192906,"minecraft:deaths":1,"minecraft:sneak_time":412,"minecraft:walk_under_water_one_cm":19190,"minecraft:boat_one_cm":97446,"minecraft:jump":1382,"minecraft:walk_on_water_one_cm":24224,"minecraft:total_world_time":192906,"minecraft:fall_one_cm":13387},"minecraft:crafted":{"minecraft:cooked_beef":4,"minecraft:oak_door":6,"minecraft:oak_planks":628,"minecraft:oak_slab":42,"minecraft:stone_shovel":1,"minecraft:cooked_porkchop":11,"minecraft:crafting_table":2,"minecraft:jungle_boat":1,"minecraft:wooden_pickaxe":1,"minecraft:oak_pressure_plate":4,"minecraft:iron_helmet":1,"minecraft:furnace":1,"minecraft:bucket":1,"minecraft:stone_axe":1,"minecraft:cooked_mutton":17,"minecraft:air":0,"minecraft:jungle_planks":28,"minecraft:iron_chestplate":1,"minecraft:iron_axe":1,"minecraft:iron_ingot":26,"minecraft:iron_pickaxe":1,"minecraft:wooden_axe":1,"minecraft:oak_stairs":4,"minecraft:chest":5,"minecraft:gold_ingot":10,"minecraft:iron_leggings":1,"minecraft:white_bed":3,"minecraft:torch":40,"minecraft:stone_hoe":1},"minecraft:killed_by":{"minecraft:drowned":1},"minecraft:broken":{"minecraft:iron_axe":1,"minecraft:stone_axe":1,"minecraft:stone_shovel":1},"minecraft:dropped":{"minecraft:porkchop":3,"minecraft:wheat_seeds":1,"minecraft:oak_planks":164,"minecraft:cooked_mutton":6,"minecraft:white_bed":2,"minecraft:torch":20,"minecraft:golden_hoe":1},"minecraft:mined":{"minecraft:oak_slab":2,"minecraft:tuff":2,"minecraft:white_bed":2,"minecraft:oak_sapling":3,"minecraft:dandelion":2,"minecraft:oak_fence":2,"minecraft:crafting_table":1,"minecraft:cornflower":2,"minecraft:glow_lichen":1,"minecraft:granite":7,"minecraft:short_grass":210,"minecraft:grass_block":176,"minecraft:jungle_log":5,"minecraft:oak_pressure_plate":4,"minecraft:tall_grass":7,"minecraft:cobblestone":32,"minecraft:deepslate_gold_ore":10,"minecraft:sugar_cane":7,"minecraft:oak_planks":35,"minecraft:diorite":1,"minecraft:birch_log":12,"minecraft:iron_ore":40,"minecraft:wheat":29,"minecraft:birch_leaves":2,"minecraft:azure_bluet":3,"minecraft:coal_ore":65,"minecraft:oak_log":194,"minecraft:vine":2,"minecraft:oak_stairs":2,"minecraft:dirt":41,"minecraft:stone":45,"minecraft:oak_leaves":71},"minecraft:used":{"minecraft:wheat_seeds":83,"minecraft:cooked_mutton":7,"minecraft:water_bucket":48,"minecraft:birch_planks":1,"minecraft:stone_shovel":136,"minecraft:oak_planks":241,"minecraft:chest":5,"minecraft:wooden_pickaxe":36,"minecraft:sugar_cane":7,"minecraft:stone_hoe":60,"minecraft:rotten_flesh":1,"minecraft:jungle_boat":1,"minecraft:oak_door":4,"minecraft:white_wool":2,"minecraft:torch":20,"minecraft:golden_hoe":11,"minecraft:dirt":85,"minecraft:oak_slab":38,"minecraft:crafting_table":4,"minecraft:tuff":1,"minecraft:white_bed":7,"minecraft:wooden_axe":5,"minecraft:oak_stairs":5,"minecraft:melon_slice":4,"minecraft:iron_axe":219,"minecraft:iron_pickaxe":208,"minecraft:oak_pressure_plate":8,"minecraft:stone_axe":188,"minecraft:cobblestone":37,"minecraft:furnace":1,"minecraft:cooked_porkchop":7,"minecraft:bucket":48,"minecraft:egg":1,"minecraft:cooked_beef":4},"minecraft:picked_up":{"minecraft:birch_log":12,"minecraft:crafting_table":2,"minecraft:wheat":23,"minecraft:azure_bluet":3,"minecraft:jungle_log":7,"minecraft:leather":1,"minecraft:oak_stairs":2,"minecraft:birch_planks":1,"minecraft:tuff":2,"minecraft:oak_log":194,"minecraft:cornflower":4,"minecraft:dirt":209,"minecraft:cooked_mutton":1,"minecraft:bone":1,"minecraft:apple":4,"minecraft:wheat_seeds":118,"minecraft:raw_gold":10,"minecraft:iron_ingot":6,"minecraft:beef":8,"minecraft:poppy":2,"minecraft:melon_slice":5,"minecraft:sugar_cane":9,"minecraft:birch_sapling":5,"minecraft:oak_planks":60,"minecraft:egg":1,"minecraft:oak_slab":2,"minecraft:stick":47,"minecraft:raw_iron":41,"minecraft:cooked_porkchop":1,"minecraft:dandelion":8,"minecraft:oak_pressure_plate":4,"minecraft:porkchop":14,"minecraft:diorite":1,"minecraft:white_bed":4,"minecraft:arrow":1,"minecraft:rotten_flesh":7,"minecraft:stone_axe":1,"minecraft:granite":5,"minecraft:gray_wool":2,"minecraft:oak_sapling":59,"minecraft:black_wool":1,"minecraft:mutton":19,"minecraft:coal":66,"minecraft:white_wool":11,"minecraft:cobblestone":81,"minecraft:oxeye_daisy":2}},"DataVersion":3955}