{"stats":{"minecraft:used":{"minecraft:tropical_fish":29,"minecraft:chest":2,"minecraft:torch":41,"minecraft:granite":4,"minecraft:bamboo":7,"minecraft:basalt":18,"minecraft:bow":10,"minecraft:furnace":4,"minecraft:cobbled_deepslate":1,"minecraft:cooked_mutton":17,"minecraft:water_bucket":1,"minecraft:diorite":13,"minecraft:stone_pickaxe":224,"minecraft:wooden_pickaxe":118,"minecraft:glow_berries":21,"minecraft:crafting_table":2,"minecraft:white_bed":3,"minecraft:melon_slice":10,"minecraft:iron_pickaxe":499,"minecraft:gravel":4,"minecraft:diamond_sword":107,"minecraft:cobblestone":189,"minecraft:cooked_porkchop":8,"minecraft:andesite":18,"minecraft:cooked_rabbit":1,"minecraft:bucket":2},"minecraft:broken":{"minecraft:wooden_pickaxe":2,"minecraft:stone_pickaxe":2,"minecraft:iron_pickaxe":1},"minecraft:custom":{"minecraft:mob_kills":66,"minecraft:interact_with_crafting_table":29,"minecraft:leave_game":3,"minecraft:time_since_death":874,"minecraft:climb_one_cm":4050,"minecraft:sprint_one_cm":555763,"minecraft:walk_one_cm":743794,"minecraft:drop":273,"minecraft:deaths":16,"minecraft:play_time":199614,"minecraft:sneak_time":745,"minecraft:walk_under_water_one_cm":49212,"minecraft:jump":3164,"minecraft:walk_on_water_one_cm":116807,"minecraft:total_world_time":199614,"minecraft:interact_with_furnace":69,"minecraft:sleep_in_bed":3,"minecraft:time_since_rest":927,"minecraft:damage_taken":6093,"minecraft:damage_dealt":8601,"minecraft:swim_one_cm":46496,"minecraft:fly_one_cm":223040,"minecraft:open_chest":20,"minecraft:crouch_one_cm":2209,"minecraft:fall_one_cm":47914},"minecraft:mined":{"minecraft:tuff":14,"minecraft:white_bed":3,"minecraft:deepslate_diamond_ore":50,"minecraft:cave_vines_plant":5,"minecraft:glow_lichen":1,"minecraft:granite":4,"minecraft:jungle_log":15,"minecraft:moss_block":9,"minecraft:magma_block":1,"minecraft:furnace":4,"minecraft:iron_ore":26,"minecraft:andesite":42,"minecraft:deepslate_lapis_ore":5,"minecraft:cave_vines":16,"minecraft:pointed_dripstone":3,"minecraft:deepslate_iron_ore":47,"minecraft:vine":3,"minecraft:stone":195,"minecraft:deepslate_redstone_ore":1,"minecraft:basalt":30,"minecraft:clay":10,"minecraft:crafting_table":1,"minecraft:torch":13,"minecraft:short_grass":1,"minecraft:calcite":1,"minecraft:melon":2,"minecraft:chest":1,"minecraft:nether_quartz_ore":5,"minecraft:tall_grass":2,"minecraft:cobblestone":4,"minecraft:deepslate_gold_ore":19,"minecraft:diorite":18,"minecraft:wall_torch":6,"minecraft:coal_ore":19,"minecraft:gravel":22,"minecraft:small_dripleaf":1,"minecraft:gold_ore":3,"minecraft:deepslate":238},"minecraft:killed":{"minecraft:spider":2,"minecraft:skeleton":15,"minecraft:tropical_fish":24,"minecraft:magma_cube":8,"minecraft:creeper":1,"minecraft:zombie":14,"minecraft:enderman":2},"minecraft:dropped":{"minecraft:iron_ingot":16,"minecraft:moss_block":9,"minecraft:wheat_seeds":1,"minecraft:ender_pearl":1,"minecraft:glow_berries":1,"minecraft:amethyst_block":13,"minecraft:jungle_planks":14,"minecraft:stick":9,"minecraft:wooden_axe":1,"minecraft:wooden_sword":1,"minecraft:flowering_azalea":1,"minecraft:string":1,"minecraft:bucket":2,"minecraft:gravel":42,"minecraft:stone_axe":1,"minecraft:cobbled_deepslate":64,"minecraft:raw_copper":41,"minecraft:tuff":11,"minecraft:pointed_dripstone":5,"minecraft:stone_shovel":1,"minecraft:rotten_flesh":5,"minecraft:diamond_sword":1,"minecraft:big_dripleaf":2,"minecraft:wooden_shovel":1,"minecraft:spider_eye":1,"minecraft:netherrack":221},"minecraft:crafted":{"minecraft:furnace":1,"minecraft:cooked_mutton":3,"minecraft:diamond_helmet":1,"minecraft:bow":1,"minecraft:iron_boots":1,"minecraft:stone_pickaxe":2,"minecraft:chest":1,"minecraft:diamond_boots":3,"minecraft:golden_helmet":3,"minecraft:cooked_rabbit":1,"minecraft:diamond_sword":3,"minecraft:cooked_porkchop":1,"minecraft:crafting_table":1,"minecraft:wooden_pickaxe":2,"minecraft:iron_helmet":1,"minecraft:iron_sword":1,"minecraft:bucket":3,"minecraft:air":0,"minecraft:jungle_planks":60,"minecraft:iron_chestplate":1,"minecraft:stick":32,"minecraft:iron_pickaxe":2,"minecraft:iron_ingot":84,"minecraft:gold_ingot":21,"minecraft:iron_leggings":1,"minecraft:torch":20,"minecraft:diamond_chestplate":3},"minecraft:killed_by":{"minecraft:wither_skeleton":2,"minecraft:creeper":1,"minecraft:magma_cube":1,"minecraft:skeleton":5},"minecraft:picked_up":{"minecraft:wooden_axe":1,"minecraft:crafting_table":2,"minecraft:clay_ball":45,"minecraft:amethyst_block":13,"minecraft:string":2,"minecraft:moss_carpet":5,"minecraft:raw_copper":42,"minecraft:wooden_sword":1,"minecraft:cobbled_deepslate":200,"minecraft:wooden_shovel":1,"minecraft:melon_slice":10,"minecraft:chest":1,"minecraft:furnace":4,"minecraft:raw_iron":71,"minecraft:big_dripleaf":2,"minecraft:torch":37,"minecraft:pointed_dripstone":10,"minecraft:diorite":18,"minecraft:redstone":5,"minecraft:rotten_flesh":16,"minecraft:stone_shovel":1,"minecraft:arrow":18,"minecraft:tropical_fish":29,"minecraft:gold_ingot":1,"minecraft:glow_berries":22,"minecraft:cobblestone":202,"minecraft:basalt":24,"minecraft:jungle_log":15,"minecraft:andesite":43,"minecraft:tuff":20,"minecraft:gunpowder":7,"minecraft:dirt":12,"minecraft:lapis_lazuli":33,"minecraft:cooked_mutton":14,"minecraft:bone":14,"minecraft:bow":2,"minecraft:wheat_seeds":1,"minecraft:raw_gold":29,"minecraft:iron_ingot":5,"minecraft:bamboo":7,"minecraft:moss_block":18,"minecraft:flowering_azalea":1,"minecraft:cooked_porkchop":11,"minecraft:quartz":5,"minecraft:gravel":65,"minecraft:white_bed":3,"minecraft:spider_eye":4,"minecraft:diamond":64,"minecraft:stone_axe":1,"minecraft:granite":7,"minecraft:bone_meal":1,"minecraft:netherrack":492,"minecraft:coal":139,"minecraft:ender_pearl":2}},"DataVersion":3953}