{"stats":{"minecraft:killed_by":{"minecraft:drowned":1},"minecraft:dropped":{"minecraft:porkchop":3,"minecraft:wheat_seeds":1,"minecraft:torch":29,"minecraft:golden_hoe":1,"minecraft:oak_planks":164,"minecraft:cooked_mutton":6,"minecraft:white_bed":2},"minecraft:mined":{"minecraft:tuff":2,"minecraft:white_bed":2,"minecraft:oak_sapling":3,"minecraft:glow_lichen":1,"minecraft:granite":10,"minecraft:grass_block":177,"minecraft:jungle_log":5,"minecraft:oak_pressure_plate":4,"minecraft:iron_ore":48,"minecraft:andesite":15,"minecraft:azure_bluet":3,"minecraft:vine":2,"minecraft:oak_stairs":2,"minecraft:stone":220,"minecraft:oak_slab":2,"minecraft:dandelion":2,"minecraft:oak_fence":2,"minecraft:cornflower":2,"minecraft:crafting_table":1,"minecraft:torch":1,"minecraft:short_grass":211,"minecraft:copper_ore":1,"minecraft:tall_grass":7,"minecraft:cobblestone":33,"minecraft:deepslate_gold_ore":10,"minecraft:oak_planks":35,"minecraft:sugar_cane":9,"minecraft:diorite":7,"minecraft:birch_log":12,"minecraft:wheat":66,"minecraft:birch_leaves":2,"minecraft:oak_log":194,"minecraft:coal_ore":150,"minecraft:dirt":53,"minecraft:oak_leaves":71},"minecraft:custom":{"minecraft:mob_kills":47,"minecraft:animals_bred":16,"minecraft:interact_with_crafting_table":35,"minecraft:leave_game":7,"minecraft:time_since_death":230092,"minecraft:climb_one_cm":1384,"minecraft:sprint_one_cm":536217,"minecraft:walk_one_cm":854173,"minecraft:drop":83,"minecraft:play_time":235766,"minecraft:deaths":1,"minecraft:sneak_time":2284,"minecraft:walk_under_water_one_cm":22940,"minecraft:boat_one_cm":97446,"minecraft:jump":1840,"minecraft:walk_on_water_one_cm":25607,"minecraft:total_world_time":235766,"minecraft:interact_with_furnace":51,"minecraft:sleep_in_bed":14,"minecraft:time_since_rest":234,"minecraft:damage_taken":1494,"minecraft:damage_dealt":5723,"minecraft:swim_one_cm":20830,"minecraft:fly_one_cm":167187,"minecraft:open_chest":41,"minecraft:crouch_one_cm":6334,"minecraft:fall_one_cm":17747},"minecraft:killed":{"minecraft:spider":3,"minecraft:skeleton":5,"minecraft:chicken":1,"minecraft:pig":7,"minecraft:creeper":1,"minecraft:sheep":14,"minecraft:zombie":12,"minecraft:cow":4},"minecraft:used":{"minecraft:stone_shovel":136,"minecraft:chest":5,"minecraft:stone_hoe":60,"minecraft:rotten_flesh":1,"minecraft:oak_door":4,"minecraft:torch":79,"minecraft:dirt":85,"minecraft:tuff":1,"minecraft:wooden_axe":5,"minecraft:iron_axe":219,"minecraft:oak_stairs":5,"minecraft:furnace":1,"minecraft:egg":1,"minecraft:cooked_beef":5,"minecraft:wheat_seeds":120,"minecraft:cooked_mutton":7,"minecraft:water_bucket":49,"minecraft:birch_planks":1,"minecraft:stone_pickaxe":262,"minecraft:oak_planks":241,"minecraft:wooden_pickaxe":36,"minecraft:sugar_cane":10,"minecraft:jungle_boat":1,"minecraft:white_wool":2,"minecraft:golden_hoe":11,"minecraft:oak_slab":38,"minecraft:crafting_table":4,"minecraft:white_bed":7,"minecraft:melon_slice":4,"minecraft:iron_pickaxe":249,"minecraft:oak_pressure_plate":8,"minecraft:stone_axe":215,"minecraft:cobblestone":165,"minecraft:cooked_porkchop":12,"minecraft:bucket":49},"minecraft:picked_up":{"minecraft:crafting_table":2,"minecraft:wheat":56,"minecraft:azure_bluet":3,"minecraft:chicken":1,"minecraft:oak_stairs":2,"minecraft:cornflower":4,"minecraft:string":2,"minecraft:beef":8,"minecraft:poppy":2,"minecraft:melon_slice":5,"minecraft:sugar_cane":12,"minecraft:birch_sapling":5,"minecraft:egg":1,"minecraft:raw_iron":49,"minecraft:stick":47,"minecraft:torch":1,"minecraft:porkchop":14,"minecraft:diorite":7,"minecraft:arrow":4,"minecraft:rotten_flesh":10,"minecraft:mutton":19,"minecraft:white_wool":11,"minecraft:cobblestone":257,"minecraft:oxeye_daisy":2,"minecraft:birch_log":12,"minecraft:andesite":15,"minecraft:jungle_log":7,"minecraft:leather":1,"minecraft:birch_planks":1,"minecraft:tuff":2,"minecraft:oak_log":194,"minecraft:gunpowder":2,"minecraft:dirt":230,"minecraft:cooked_mutton":1,"minecraft:bone":4,"minecraft:apple":4,"minecraft:wheat_seeds":206,"minecraft:raw_gold":10,"minecraft:iron_ingot":6,"minecraft:oak_planks":60,"minecraft:oak_slab":2,"minecraft:cooked_porkchop":1,"minecraft:dandelion":8,"minecraft:oak_pressure_plate":4,"minecraft:white_bed":4,"minecraft:spider_eye":1,"minecraft:stone_axe":1,"minecraft:granite":6,"minecraft:gray_wool":2,"minecraft:oak_sapling":59,"minecraft:black_wool":1,"minecraft:coal":150},"minecraft:crafted":{"minecraft:oak_door":6,"minecraft:oak_planks":628,"minecraft:stone_shovel":1,"minecraft:oak_pressure_plate":4,"minecraft:furnace":1,"minecraft:cooked_mutton":17,"minecraft:iron_axe":1,"minecraft:stone_pickaxe":2,"minecraft:chest":5,"minecraft:stone_hoe":1,"minecraft:cooked_beef":7,"minecraft:oak_slab":42,"minecraft:cooked_porkchop":11,"minecraft:crafting_table":2,"minecraft:jungle_boat":1,"minecraft:wooden_pickaxe":1,"minecraft:iron_helmet":1,"minecraft:bucket":1,"minecraft:stone_axe":1,"minecraft:air":0,"minecraft:jungle_planks":28,"minecraft:iron_chestplate":1,"minecraft:iron_ingot":34,"minecraft:iron_pickaxe":1,"minecraft:oak_stairs":4,"minecraft:wooden_axe":1,"minecraft:iron_leggings":1,"minecraft:gold_ingot":10,"minecraft:white_bed":3,"minecraft:torch":112},"minecraft:broken":{"minecraft:stone_pickaxe":2,"minecraft:iron_axe":1,"minecraft:stone_axe":1,"minecraft:iron_pickaxe":1,"minecraft:stone_shovel":1}},"DataVersion":3955}