{"stats":{"minecraft:used":{"minecraft:diorite":13,"minecraft:melon_slice":10,"minecraft:stone_pickaxe":124,"minecraft:wooden_pickaxe":118,"minecraft:gravel":3,"minecraft:cobblestone":33,"minecraft:furnace":1,"minecraft:cooked_porkchop":1,"minecraft:cooked_rabbit":1,"minecraft:andesite":18},"minecraft:broken":{"minecraft:wooden_pickaxe":2},"minecraft:custom":{"minecraft:time_since_rest":2887,"minecraft:interact_with_furnace":9,"minecraft:sprint_one_cm":93744,"minecraft:damage_taken":170,"minecraft:walk_one_cm":120387,"minecraft:mob_kills":1,"minecraft:drop":1,"minecraft:damage_dealt":208,"minecraft:interact_with_crafting_table":5,"minecraft:fly_one_cm":48723,"minecraft:open_chest":4,"minecraft:crouch_one_cm":1264,"minecraft:play_time":33850,"minecraft:sneak_time":472,"minecraft:jump":560,"minecraft:leave_game":1,"minecraft:time_since_death":33850,"minecraft:walk_on_water_one_cm":150,"minecraft:sleep_in_bed":2,"minecraft:total_world_time":33850,"minecraft:climb_one_cm":449,"minecraft:fall_one_cm":4983},"minecraft:mined":{"minecraft:andesite":31,"minecraft:clay":4,"minecraft:glow_lichen":1,"minecraft:short_grass":1,"minecraft:calcite":1,"minecraft:melon":2,"minecraft:deepslate_iron_ore":9,"minecraft:vine":3,"minecraft:jungle_log":15,"minecraft:gravel":6,"minecraft:stone":103,"minecraft:moss_block":7,"minecraft:diorite":15,"minecraft:deepslate":59},"minecraft:killed":{"minecraft:zombie":1},"minecraft:dropped":{"minecraft:stick":5},"minecraft:crafted":{"minecraft:cooked_porkchop":1,"minecraft:stick":20,"minecraft:iron_pickaxe":1,"minecraft:iron_ingot":7,"minecraft:wooden_pickaxe":2,"minecraft:stone_pickaxe":2,"minecraft:furnace":1,"minecraft:cooked_rabbit":1,"minecraft:cooked_mutton":3,"minecraft:jungle_planks":60},"minecraft:picked_up":{"minecraft:raw_iron":9,"minecraft:clay_ball":16,"minecraft:jungle_log":15,"minecraft:andesite":31,"minecraft:gravel":6,"minecraft:diorite":15,"minecraft:cobbled_deepslate":59,"minecraft:bamboo":7,"minecraft:melon_slice":10,"minecraft:moss_block":7,"minecraft:cobblestone":103}},"DataVersion":3953}