{"stats":{"minecraft:used":{"minecraft:cooked_mutton":8,"minecraft:diorite":13,"minecraft:tropical_fish":12,"minecraft:stone_pickaxe":223,"minecraft:chest":1,"minecraft:wooden_pickaxe":118,"minecraft:torch":5,"minecraft:crafting_table":2,"minecraft:melon_slice":10,"minecraft:iron_pickaxe":159,"minecraft:gravel":4,"minecraft:bamboo":7,"minecraft:cobblestone":93,"minecraft:furnace":2,"minecraft:cooked_porkchop":1,"minecraft:cooked_rabbit":1,"minecraft:andesite":18},"minecraft:custom":{"minecraft:interact_with_furnace":27,"minecraft:mob_kills":14,"minecraft:interact_with_crafting_table":13,"minecraft:leave_game":1,"minecraft:time_since_death":75850,"minecraft:sleep_in_bed":2,"minecraft:climb_one_cm":1991,"minecraft:time_since_rest":44887,"minecraft:sprint_one_cm":169290,"minecraft:damage_taken":743,"minecraft:walk_one_cm":331799,"minecraft:drop":7,"minecraft:damage_dealt":1707,"minecraft:swim_one_cm":2272,"minecraft:fly_one_cm":74383,"minecraft:open_chest":5,"minecraft:crouch_one_cm":1264,"minecraft:play_time":75850,"minecraft:sneak_time":472,"minecraft:walk_under_water_one_cm":7010,"minecraft:jump":1281,"minecraft:walk_on_water_one_cm":20437,"minecraft:total_world_time":75850,"minecraft:fall_one_cm":11556},"minecraft:broken":{"minecraft:stone_pickaxe":1,"minecraft:wooden_pickaxe":2},"minecraft:mined":{"minecraft:deepslate_redstone_ore":1,"minecraft:tuff":8,"minecraft:deepslate_diamond_ore":11,"minecraft:clay":8,"minecraft:glow_lichen":1,"minecraft:short_grass":1,"minecraft:calcite":1,"minecraft:melon":2,"minecraft:jungle_log":15,"minecraft:cobblestone":1,"minecraft:deepslate_gold_ore":19,"minecraft:moss_block":8,"minecraft:diorite":15,"minecraft:furnace":1,"minecraft:iron_ore":8,"minecraft:andesite":40,"minecraft:coal_ore":16,"minecraft:deepslate_iron_ore":31,"minecraft:vine":3,"minecraft:gravel":13,"minecraft:stone":134,"minecraft:small_dripleaf":1,"minecraft:deepslate":122},"minecraft:killed":{"minecraft:skeleton":2,"minecraft:zombie":2,"minecraft:tropical_fish":10},"minecraft:dropped":{"minecraft:iron_ingot":6,"minecraft:amethyst_block":1,"minecraft:jungle_planks":14,"minecraft:stick":5},"minecraft:crafted":{"minecraft:cooked_porkchop":1,"minecraft:crafting_table":1,"minecraft:wooden_pickaxe":2,"minecraft:iron_helmet":1,"minecraft:furnace":1,"minecraft:cooked_mutton":3,"minecraft:air":0,"minecraft:jungle_planks":60,"minecraft:iron_boots":1,"minecraft:iron_chestplate":1,"minecraft:stick":20,"minecraft:iron_ingot":30,"minecraft:iron_pickaxe":1,"minecraft:stone_pickaxe":2,"minecraft:chest":1,"minecraft:torch":20,"minecraft:cooked_rabbit":1},"minecraft:picked_up":{"minecraft:crafting_table":1,"minecraft:clay_ball":29,"minecraft:andesite":40,"minecraft:jungle_log":15,"minecraft:tuff":9,"minecraft:amethyst_block":13,"minecraft:string":1,"minecraft:moss_carpet":3,"minecraft:cooked_mutton":14,"minecraft:bone":2,"minecraft:wheat_seeds":1,"minecraft:cobbled_deepslate":134,"minecraft:raw_gold":19,"minecraft:bamboo":7,"minecraft:moss_block":15,"minecraft:melon_slice":10,"minecraft:furnace":1,"minecraft:raw_iron":39,"minecraft:torch":1,"minecraft:gravel":13,"minecraft:diorite":15,"minecraft:redstone":5,"minecraft:arrow":2,"minecraft:diamond":10,"minecraft:tropical_fish":12,"minecraft:coal":75,"minecraft:cobblestone":136,"minecraft:ender_pearl":1}},"DataVersion":3953}