{"stats":{"minecraft:used":{"minecraft:cooked_mutton":17,"minecraft:diorite":13,"minecraft:tropical_fish":17,"minecraft:stone_pickaxe":224,"minecraft:chest":1,"minecraft:wooden_pickaxe":118,"minecraft:torch":22,"minecraft:crafting_table":2,"minecraft:granite":2,"minecraft:melon_slice":10,"minecraft:iron_pickaxe":295,"minecraft:gravel":4,"minecraft:bow":9,"minecraft:bamboo":7,"minecraft:diamond_sword":68,"minecraft:cobblestone":119,"minecraft:furnace":3,"minecraft:cooked_porkchop":2,"minecraft:cooked_rabbit":1,"minecraft:andesite":18},"minecraft:custom":{"minecraft:interact_with_furnace":48,"minecraft:mob_kills":36,"minecraft:interact_with_crafting_table":21,"minecraft:leave_game":2,"minecraft:time_since_death":111372,"minecraft:sleep_in_bed":2,"minecraft:climb_one_cm":1991,"minecraft:time_since_rest":80409,"minecraft:sprint_one_cm":273762,"minecraft:damage_taken":1494,"minecraft:walk_one_cm":473640,"minecraft:drop":49,"minecraft:damage_dealt":6194,"minecraft:swim_one_cm":4898,"minecraft:fly_one_cm":110256,"minecraft:open_chest":6,"minecraft:play_time":111372,"minecraft:crouch_one_cm":1264,"minecraft:sneak_time":472,"minecraft:walk_under_water_one_cm":14201,"minecraft:jump":1776,"minecraft:walk_on_water_one_cm":43620,"minecraft:total_world_time":111372,"minecraft:fall_one_cm":18195},"minecraft:broken":{"minecraft:stone_pickaxe":2,"minecraft:iron_pickaxe":1,"minecraft:wooden_pickaxe":2},"minecraft:mined":{"minecraft:deepslate_redstone_ore":1,"minecraft:tuff":9,"minecraft:deepslate_diamond_ore":32,"minecraft:short_grass":1,"minecraft:clay":10,"minecraft:granite":4,"minecraft:glow_lichen":1,"minecraft:torch":6,"minecraft:calcite":1,"minecraft:melon":2,"minecraft:chest":1,"minecraft:jungle_log":15,"minecraft:cobblestone":2,"minecraft:deepslate_gold_ore":19,"minecraft:moss_block":8,"minecraft:wall_torch":4,"minecraft:diorite":18,"minecraft:furnace":3,"minecraft:iron_ore":23,"minecraft:andesite":41,"minecraft:pointed_dripstone":3,"minecraft:coal_ore":19,"minecraft:deepslate_iron_ore":47,"minecraft:vine":3,"minecraft:gravel":22,"minecraft:stone":137,"minecraft:small_dripleaf":1,"minecraft:gold_ore":3,"minecraft:deepslate":165},"minecraft:killed":{"minecraft:spider":1,"minecraft:creeper":1,"minecraft:skeleton":14,"minecraft:zombie":8,"minecraft:tropical_fish":11,"minecraft:enderman":1},"minecraft:dropped":{"minecraft:gravel":40,"minecraft:iron_ingot":16,"minecraft:stone_axe":1,"minecraft:moss_block":9,"minecraft:wheat_seeds":1,"minecraft:cobbled_deepslate":64,"minecraft:raw_copper":41,"minecraft:ender_pearl":1,"minecraft:tuff":11,"minecraft:stone_shovel":1,"minecraft:glow_berries":1,"minecraft:rotten_flesh":5,"minecraft:amethyst_block":13,"minecraft:jungle_planks":14,"minecraft:stick":9,"minecraft:diamond_sword":1,"minecraft:big_dripleaf":2,"minecraft:wooden_axe":1,"minecraft:wooden_shovel":1,"minecraft:spider_eye":1,"minecraft:wooden_sword":1,"minecraft:flowering_azalea":1,"minecraft:string":1,"minecraft:bucket":2},"minecraft:crafted":{"minecraft:diamond_sword":3,"minecraft:cooked_porkchop":1,"minecraft:crafting_table":1,"minecraft:wooden_pickaxe":2,"minecraft:iron_helmet":1,"minecraft:iron_sword":1,"minecraft:furnace":1,"minecraft:bucket":3,"minecraft:cooked_mutton":3,"minecraft:air":0,"minecraft:jungle_planks":60,"minecraft:iron_chestplate":1,"minecraft:iron_boots":1,"minecraft:stick":32,"minecraft:iron_ingot":56,"minecraft:iron_pickaxe":2,"minecraft:stone_pickaxe":2,"minecraft:chest":1,"minecraft:iron_leggings":1,"minecraft:gold_ingot":11,"minecraft:torch":20,"minecraft:cooked_rabbit":1},"minecraft:picked_up":{"minecraft:wooden_axe":1,"minecraft:crafting_table":1,"minecraft:clay_ball":45,"minecraft:andesite":42,"minecraft:jungle_log":15,"minecraft:tuff":12,"minecraft:gunpowder":2,"minecraft:amethyst_block":13,"minecraft:string":1,"minecraft:dirt":12,"minecraft:moss_carpet":4,"minecraft:raw_copper":41,"minecraft:wooden_sword":1,"minecraft:cooked_mutton":14,"minecraft:bone":13,"minecraft:bow":1,"minecraft:wheat_seeds":1,"minecraft:cobbled_deepslate":174,"minecraft:raw_gold":29,"minecraft:iron_ingot":5,"minecraft:wooden_shovel":1,"minecraft:bamboo":7,"minecraft:melon_slice":10,"minecraft:moss_block":16,"minecraft:chest":1,"minecraft:flowering_azalea":1,"minecraft:furnace":3,"minecraft:raw_iron":68,"minecraft:cooked_porkchop":11,"minecraft:big_dripleaf":2,"minecraft:torch":15,"minecraft:gravel":47,"minecraft:pointed_dripstone":5,"minecraft:diorite":18,"minecraft:redstone":5,"minecraft:spider_eye":3,"minecraft:arrow":14,"minecraft:stone_shovel":1,"minecraft:rotten_flesh":13,"minecraft:diamond":43,"minecraft:tropical_fish":17,"minecraft:stone_axe":1,"minecraft:granite":4,"minecraft:bone_meal":1,"minecraft:gold_ingot":1,"minecraft:glow_berries":1,"minecraft:coal":139,"minecraft:cobblestone":148,"minecraft:ender_pearl":2}},"DataVersion":3953}