{"stats":{"minecraft:used":{"minecraft:diorite":13,"minecraft:melon_slice":10,"minecraft:stone_pickaxe":127,"minecraft:iron_pickaxe":31,"minecraft:wooden_pickaxe":118,"minecraft:gravel":3,"minecraft:bamboo":7,"minecraft:cobblestone":62,"minecraft:furnace":1,"minecraft:cooked_porkchop":1,"minecraft:cooked_rabbit":1,"minecraft:andesite":18},"minecraft:broken":{"minecraft:wooden_pickaxe":2},"minecraft:custom":{"minecraft:time_since_rest":14887,"minecraft:interact_with_furnace":9,"minecraft:sprint_one_cm":101990,"minecraft:damage_taken":245,"minecraft:walk_one_cm":202047,"minecraft:mob_kills":1,"minecraft:drop":2,"minecraft:damage_dealt":513,"minecraft:interact_with_crafting_table":5,"minecraft:fly_one_cm":53391,"minecraft:open_chest":4,"minecraft:crouch_one_cm":1264,"minecraft:play_time":45850,"minecraft:sneak_time":472,"minecraft:jump":789,"minecraft:leave_game":1,"minecraft:time_since_death":45850,"minecraft:walk_on_water_one_cm":681,"minecraft:sleep_in_bed":2,"minecraft:total_world_time":45850,"minecraft:climb_one_cm":1295,"minecraft:fall_one_cm":8449},"minecraft:mined":{"minecraft:deepslate_diamond_ore":8,"minecraft:andesite":31,"minecraft:clay":4,"minecraft:glow_lichen":1,"minecraft:short_grass":1,"minecraft:calcite":1,"minecraft:melon":2,"minecraft:deepslate_iron_ore":10,"minecraft:vine":3,"minecraft:jungle_log":15,"minecraft:gravel":6,"minecraft:cobblestone":1,"minecraft:deepslate_gold_ore":2,"minecraft:stone":103,"minecraft:moss_block":7,"minecraft:diorite":15,"minecraft:deepslate":70},"minecraft:killed":{"minecraft:zombie":1},"minecraft:dropped":{"minecraft:jungle_planks":11,"minecraft:stick":5},"minecraft:crafted":{"minecraft:cooked_porkchop":1,"minecraft:stick":20,"minecraft:iron_pickaxe":1,"minecraft:iron_ingot":7,"minecraft:wooden_pickaxe":2,"minecraft:stone_pickaxe":2,"minecraft:furnace":1,"minecraft:cooked_rabbit":1,"minecraft:cooked_mutton":3,"minecraft:jungle_planks":60},"minecraft:picked_up":{"minecraft:raw_iron":10,"minecraft:clay_ball":16,"minecraft:jungle_log":15,"minecraft:andesite":31,"minecraft:torch":1,"minecraft:gravel":6,"minecraft:diorite":15,"minecraft:string":1,"minecraft:diamond":7,"minecraft:cobbled_deepslate":70,"minecraft:raw_gold":2,"minecraft:bamboo":7,"minecraft:melon_slice":10,"minecraft:moss_block":7,"minecraft:cobblestone":104,"minecraft:ender_pearl":1}},"DataVersion":3953}