{"stats":{"minecraft:used":{"minecraft:cooked_mutton":9,"minecraft:diorite":13,"minecraft:tropical_fish":17,"minecraft:stone_pickaxe":224,"minecraft:chest":1,"minecraft:wooden_pickaxe":118,"minecraft:torch":14,"minecraft:crafting_table":2,"minecraft:melon_slice":10,"minecraft:iron_pickaxe":224,"minecraft:gravel":4,"minecraft:bamboo":7,"minecraft:cobblestone":119,"minecraft:furnace":3,"minecraft:cooked_porkchop":1,"minecraft:cooked_rabbit":1,"minecraft:andesite":18},"minecraft:custom":{"minecraft:interact_with_furnace":37,"minecraft:mob_kills":15,"minecraft:interact_with_crafting_table":19,"minecraft:leave_game":1,"minecraft:time_since_death":87850,"minecraft:sleep_in_bed":2,"minecraft:climb_one_cm":1991,"minecraft:time_since_rest":56887,"minecraft:sprint_one_cm":184875,"minecraft:damage_taken":832,"minecraft:walk_one_cm":362326,"minecraft:drop":43,"minecraft:damage_dealt":1760,"minecraft:swim_one_cm":4898,"minecraft:fly_one_cm":78218,"minecraft:open_chest":6,"minecraft:crouch_one_cm":1264,"minecraft:play_time":87850,"minecraft:sneak_time":472,"minecraft:walk_under_water_one_cm":14182,"minecraft:jump":1391,"minecraft:walk_on_water_one_cm":33780,"minecraft:total_world_time":87850,"minecraft:fall_one_cm":13355},"minecraft:broken":{"minecraft:stone_pickaxe":2,"minecraft:wooden_pickaxe":2},"minecraft:mined":{"minecraft:deepslate_redstone_ore":1,"minecraft:tuff":8,"minecraft:deepslate_diamond_ore":11,"minecraft:clay":10,"minecraft:torch":5,"minecraft:glow_lichen":1,"minecraft:short_grass":1,"minecraft:calcite":1,"minecraft:melon":2,"minecraft:chest":1,"minecraft:jungle_log":15,"minecraft:cobblestone":2,"minecraft:deepslate_gold_ore":19,"minecraft:moss_block":8,"minecraft:diorite":15,"minecraft:wall_torch":1,"minecraft:furnace":2,"minecraft:iron_ore":11,"minecraft:andesite":40,"minecraft:coal_ore":17,"minecraft:deepslate_iron_ore":38,"minecraft:vine":3,"minecraft:gravel":22,"minecraft:stone":134,"minecraft:small_dripleaf":1,"minecraft:deepslate":157},"minecraft:killed":{"minecraft:skeleton":2,"minecraft:zombie":2,"minecraft:tropical_fish":11},"minecraft:dropped":{"minecraft:gravel":40,"minecraft:iron_ingot":6,"minecraft:stone_axe":1,"minecraft:moss_block":9,"minecraft:wheat_seeds":1,"minecraft:cobbled_deepslate":64,"minecraft:raw_copper":41,"minecraft:tuff":11,"minecraft:stone_shovel":1,"minecraft:glow_berries":1,"minecraft:rotten_flesh":5,"minecraft:amethyst_block":13,"minecraft:jungle_planks":14,"minecraft:stick":9,"minecraft:big_dripleaf":2,"minecraft:wooden_axe":1,"minecraft:wooden_shovel":1,"minecraft:wooden_sword":1,"minecraft:spider_eye":1,"minecraft:flowering_azalea":1},"minecraft:crafted":{"minecraft:cooked_porkchop":1,"minecraft:crafting_table":1,"minecraft:iron_sword":1,"minecraft:wooden_pickaxe":2,"minecraft:iron_helmet":1,"minecraft:furnace":1,"minecraft:cooked_mutton":3,"minecraft:air":0,"minecraft:jungle_planks":60,"minecraft:iron_boots":1,"minecraft:iron_chestplate":1,"minecraft:stick":32,"minecraft:iron_ingot":50,"minecraft:iron_pickaxe":2,"minecraft:stone_pickaxe":2,"minecraft:chest":1,"minecraft:iron_leggings":1,"minecraft:torch":20,"minecraft:cooked_rabbit":1},"minecraft:picked_up":{"minecraft:wooden_axe":1,"minecraft:crafting_table":1,"minecraft:clay_ball":45,"minecraft:andesite":41,"minecraft:jungle_log":15,"minecraft:tuff":11,"minecraft:amethyst_block":13,"minecraft:dirt":12,"minecraft:string":1,"minecraft:moss_carpet":4,"minecraft:raw_copper":41,"minecraft:wooden_sword":1,"minecraft:cooked_mutton":14,"minecraft:bone":4,"minecraft:wheat_seeds":1,"minecraft:cobbled_deepslate":166,"minecraft:raw_gold":19,"minecraft:wooden_shovel":1,"minecraft:bamboo":7,"minecraft:moss_block":16,"minecraft:melon_slice":10,"minecraft:chest":1,"minecraft:flowering_azalea":1,"minecraft:furnace":2,"minecraft:raw_iron":49,"minecraft:big_dripleaf":2,"minecraft:torch":10,"minecraft:gravel":47,"minecraft:diorite":15,"minecraft:redstone":5,"minecraft:spider_eye":1,"minecraft:stone_shovel":1,"minecraft:rotten_flesh":5,"minecraft:arrow":4,"minecraft:diamond":10,"minecraft:tropical_fish":17,"minecraft:stone_axe":1,"minecraft:bone_meal":1,"minecraft:glow_berries":1,"minecraft:coal":76,"minecraft:cobblestone":144,"minecraft:ender_pearl":1}},"DataVersion":3953}