{"stats":{"minecraft:killed":{"minecraft:skeleton":1,"minecraft:sheep":3,"minecraft:zombie":6,"minecraft:cow":3},"minecraft:custom":{"minecraft:interact_with_furnace":37,"minecraft:mob_kills":13,"minecraft:animals_bred":3,"minecraft:interact_with_crafting_table":14,"minecraft:leave_game":2,"minecraft:time_since_death":88047,"minecraft:sleep_in_bed":5,"minecraft:climb_one_cm":1384,"minecraft:time_since_rest":21479,"minecraft:sprint_one_cm":239526,"minecraft:damage_taken":1007,"minecraft:walk_one_cm":338953,"minecraft:drop":24,"minecraft:damage_dealt":1915,"minecraft:swim_one_cm":15717,"minecraft:fly_one_cm":63570,"minecraft:open_chest":28,"minecraft:crouch_one_cm":1526,"minecraft:play_time":93721,"minecraft:deaths":1,"minecraft:sneak_time":386,"minecraft:walk_under_water_one_cm":9731,"minecraft:boat_one_cm":97446,"minecraft:jump":950,"minecraft:walk_on_water_one_cm":13236,"minecraft:total_world_time":93721,"minecraft:fall_one_cm":8394},"minecraft:crafted":{"minecraft:cooked_beef":4,"minecraft:oak_planks":172,"minecraft:crafting_table":1,"minecraft:jungle_boat":1,"minecraft:wooden_pickaxe":1,"minecraft:iron_helmet":1,"minecraft:bucket":1,"minecraft:cooked_mutton":3,"minecraft:air":0,"minecraft:jungle_planks":28,"minecraft:iron_chestplate":1,"minecraft:iron_axe":1,"minecraft:iron_ingot":26,"minecraft:iron_pickaxe":1,"minecraft:wooden_axe":1,"minecraft:chest":2,"minecraft:iron_leggings":1,"minecraft:gold_ingot":5,"minecraft:white_bed":1,"minecraft:torch":40},"minecraft:killed_by":{"minecraft:drowned":1},"minecraft:broken":{"minecraft:stone_axe":1},"minecraft:dropped":{"minecraft:wheat_seeds":1,"minecraft:white_bed":2,"minecraft:torch":20,"minecraft:golden_hoe":1},"minecraft:mined":{"minecraft:tuff":1,"minecraft:oak_sapling":3,"minecraft:white_bed":1,"minecraft:crafting_table":1,"minecraft:glow_lichen":1,"minecraft:granite":7,"minecraft:short_grass":115,"minecraft:grass_block":29,"minecraft:jungle_log":5,"minecraft:cobblestone":2,"minecraft:deepslate_gold_ore":10,"minecraft:sugar_cane":5,"minecraft:diorite":1,"minecraft:birch_log":12,"minecraft:iron_ore":40,"minecraft:wheat":1,"minecraft:birch_leaves":1,"minecraft:oak_log":80,"minecraft:coal_ore":40,"minecraft:vine":2,"minecraft:dirt":12,"minecraft:stone":22,"minecraft:oak_leaves":43},"minecraft:used":{"minecraft:wheat_seeds":2,"minecraft:cooked_mutton":4,"minecraft:water_bucket":7,"minecraft:birch_planks":1,"minecraft:chest":2,"minecraft:wooden_pickaxe":15,"minecraft:sugar_cane":7,"minecraft:rotten_flesh":1,"minecraft:jungle_boat":1,"minecraft:torch":19,"minecraft:golden_hoe":11,"minecraft:dirt":28,"minecraft:crafting_table":3,"minecraft:white_bed":4,"minecraft:wooden_axe":5,"minecraft:iron_axe":16,"minecraft:melon_slice":4,"minecraft:iron_pickaxe":124,"minecraft:stone_axe":131,"minecraft:cobblestone":2,"minecraft:cooked_porkchop":1,"minecraft:bucket":8,"minecraft:cooked_beef":4},"minecraft:picked_up":{"minecraft:birch_log":12,"minecraft:crafting_table":2,"minecraft:wheat":1,"minecraft:jungle_log":7,"minecraft:leather":1,"minecraft:birch_planks":1,"minecraft:tuff":1,"minecraft:oak_log":80,"minecraft:dirt":37,"minecraft:cooked_mutton":1,"minecraft:apple":3,"minecraft:wheat_seeds":21,"minecraft:raw_gold":10,"minecraft:iron_ingot":6,"minecraft:beef":5,"minecraft:melon_slice":5,"minecraft:sugar_cane":7,"minecraft:birch_sapling":5,"minecraft:egg":1,"minecraft:stick":24,"minecraft:raw_iron":41,"minecraft:cooked_porkchop":1,"minecraft:diorite":1,"minecraft:white_bed":3,"minecraft:rotten_flesh":4,"minecraft:stone_axe":1,"minecraft:granite":5,"minecraft:oak_sapling":30,"minecraft:mutton":5,"minecraft:coal":41,"minecraft:white_wool":3,"minecraft:cobblestone":29}},"DataVersion":3955}