{"stats":{"minecraft:used":{"minecraft:melon_slice":4},"minecraft:custom":{"minecraft:jump":159,"minecraft:time_since_rest":6501,"minecraft:leave_game":1,"minecraft:sprint_one_cm":39197,"minecraft:play_time":6501,"minecraft:damage_taken":20,"minecraft:time_since_death":6501,"minecraft:walk_one_cm":15321,"minecraft:climb_one_cm":158,"minecraft:total_world_time":6501,"minecraft:fall_one_cm":3878,"minecraft:fly_one_cm":32611},"minecraft:mined":{"minecraft:short_grass":1,"minecraft:melon":2,"minecraft:vine":1,"minecraft:jungle_log":6},"minecraft:crafted":{"minecraft:jungle_planks":24},"minecraft:picked_up":{"minecraft:bamboo":7,"minecraft:jungle_log":6,"minecraft:melon_slice":10}},"DataVersion":3953}