{"stats":{"minecraft:used":{"minecraft:stone_sword":25,"minecraft:stone_pickaxe":188,"minecraft:wooden_shovel":25,"minecraft:dirt":1,"minecraft:jungle_planks":1,"minecraft:stone_axe":44},"minecraft:custom":{"minecraft:mob_kills":8,"minecraft:interact_with_crafting_table":8,"minecraft:leave_game":1,"minecraft:time_since_death":35889,"minecraft:sleep_in_bed":3,"minecraft:climb_one_cm":3649,"minecraft:time_since_rest":31708,"minecraft:sprint_one_cm":5340,"minecraft:damage_taken":614,"minecraft:walk_one_cm":475686,"minecraft:drop":1,"minecraft:damage_dealt":1358,"minecraft:swim_one_cm":132,"minecraft:fly_one_cm":928,"minecraft:open_chest":1,"minecraft:crouch_one_cm":900,"minecraft:play_time":72627,"minecraft:deaths":2,"minecraft:sneak_time":120,"minecraft:walk_under_water_one_cm":12428,"minecraft:jump":738,"minecraft:walk_on_water_one_cm":18473,"minecraft:total_world_time":72627,"minecraft:fall_one_cm":4860},"minecraft:broken":{"minecraft:stone_pickaxe":2},"minecraft:mined":{"minecraft:large_amethyst_bud":4,"minecraft:tuff":1,"minecraft:flowering_azalea":1,"minecraft:amethyst_cluster":2,"minecraft:dandelion":4,"minecraft:clay":33,"minecraft:cornflower":3,"minecraft:glow_lichen":2,"minecraft:cave_vines_plant":1,"minecraft:short_grass":85,"minecraft:grass_block":6,"minecraft:poppy":1,"minecraft:melon":6,"minecraft:tall_grass":3,"minecraft:copper_ore":10,"minecraft:moss_block":6,"minecraft:oxeye_daisy":3,"minecraft:amethyst_block":14,"minecraft:moss_carpet":1,"minecraft:cocoa":3,"minecraft:vine":6,"minecraft:dirt":57,"minecraft:bamboo":9,"minecraft:stone":5,"minecraft:oak_leaves":9,"minecraft:deepslate":1,"minecraft:fern":19},"minecraft:killed":{"minecraft:pig":2,"minecraft:horse":1,"minecraft:skeleton":1,"minecraft:cow":4},"minecraft:dropped":{"minecraft:torch":1},"minecraft:crafted":{"minecraft:bread":1,"minecraft:stick":4,"minecraft:stone_pickaxe":1},"minecraft:killed_by":{"minecraft:skeleton":1},"minecraft:picked_up":{"minecraft:cocoa_beans":9,"minecraft:wheat":3,"minecraft:clay_ball":132,"minecraft:jungle_log":1,"minecraft:leather":7,"minecraft:tuff":1,"minecraft:amethyst_block":13,"minecraft:moss_carpet":1,"minecraft:cornflower":3,"minecraft:dirt":51,"minecraft:raw_copper":37,"minecraft:bone":2,"minecraft:wheat_seeds":6,"minecraft:cobbled_deepslate":1,"minecraft:beef":6,"minecraft:stone_pickaxe":2,"minecraft:poppy":1,"minecraft:wooden_shovel":1,"minecraft:bamboo":56,"minecraft:moss_block":6,"minecraft:melon_slice":51,"minecraft:flowering_azalea":1,"minecraft:cooked_porkchop":1,"minecraft:big_dripleaf":2,"minecraft:torch":4,"minecraft:dandelion":4,"minecraft:porkchop":5,"minecraft:jungle_planks":22,"minecraft:amethyst_shard":8,"minecraft:stone_shovel":1,"minecraft:stone_sword":1,"minecraft:arrow":3,"minecraft:stone_axe":1,"minecraft:oak_sapling":2,"minecraft:cobblestone":18,"minecraft:oxeye_daisy":2}},"DataVersion":3953}