{"stats":{"minecraft:used":{"minecraft:stone_sword":15,"minecraft:stone_pickaxe":188,"minecraft:wooden_shovel":25,"minecraft:dirt":1,"minecraft:jungle_planks":1},"minecraft:custom":{"minecraft:time_since_rest":20380,"minecraft:sprint_one_cm":4892,"minecraft:damage_taken":499,"minecraft:walk_one_cm":410518,"minecraft:mob_kills":8,"minecraft:drop":1,"minecraft:damage_dealt":1243,"minecraft:swim_one_cm":132,"minecraft:interact_with_crafting_table":8,"minecraft:fly_one_cm":524,"minecraft:open_chest":1,"minecraft:crouch_one_cm":900,"minecraft:play_time":61299,"minecraft:deaths":2,"minecraft:sneak_time":120,"minecraft:walk_under_water_one_cm":12428,"minecraft:jump":578,"minecraft:leave_game":1,"minecraft:time_since_death":24561,"minecraft:walk_on_water_one_cm":13169,"minecraft:sleep_in_bed":3,"minecraft:climb_one_cm":3259,"minecraft:total_world_time":61299,"minecraft:fall_one_cm":3904},"minecraft:broken":{"minecraft:stone_pickaxe":2},"minecraft:mined":{"minecraft:large_amethyst_bud":4,"minecraft:tuff":1,"minecraft:amethyst_cluster":2,"minecraft:dandelion":4,"minecraft:glow_lichen":2,"minecraft:cornflower":3,"minecraft:cave_vines_plant":1,"minecraft:short_grass":82,"minecraft:poppy":1,"minecraft:grass_block":6,"minecraft:melon":6,"minecraft:cocoa":3,"minecraft:vine":6,"minecraft:dirt":57,"minecraft:copper_ore":10,"minecraft:tall_grass":3,"minecraft:bamboo":9,"minecraft:stone":5,"minecraft:oxeye_daisy":3,"minecraft:oak_leaves":9,"minecraft:deepslate":1,"minecraft:fern":19,"minecraft:amethyst_block":14},"minecraft:killed":{"minecraft:horse":1,"minecraft:skeleton":1,"minecraft:pig":2,"minecraft:cow":4},"minecraft:dropped":{"minecraft:torch":1},"minecraft:killed_by":{"minecraft:skeleton":1},"minecraft:crafted":{"minecraft:stick":4,"minecraft:stone_pickaxe":1,"minecraft:bread":1},"minecraft:picked_up":{"minecraft:cocoa_beans":9,"minecraft:wheat":3,"minecraft:cooked_porkchop":1,"minecraft:jungle_log":1,"minecraft:leather":7,"minecraft:torch":4,"minecraft:dandelion":4,"minecraft:porkchop":5,"minecraft:jungle_planks":22,"minecraft:tuff":1,"minecraft:amethyst_shard":8,"minecraft:amethyst_block":13,"minecraft:cornflower":3,"minecraft:dirt":51,"minecraft:raw_copper":37,"minecraft:stone_sword":1,"minecraft:stone_shovel":1,"minecraft:bone":2,"minecraft:arrow":3,"minecraft:stone_axe":1,"minecraft:wheat_seeds":6,"minecraft:cobbled_deepslate":1,"minecraft:beef":6,"minecraft:stone_pickaxe":2,"minecraft:poppy":1,"minecraft:wooden_shovel":1,"minecraft:bamboo":56,"minecraft:oak_sapling":2,"minecraft:melon_slice":51,"minecraft:cobblestone":18,"minecraft:oxeye_daisy":2}},"DataVersion":3953}