{"stats":{"minecraft:used":{"minecraft:stone_pickaxe":152,"minecraft:wooden_shovel":25,"minecraft:jungle_planks":1},"minecraft:custom":{"minecraft:time_since_rest":2887,"minecraft:sprint_one_cm":3189,"minecraft:damage_taken":499,"minecraft:walk_one_cm":329544,"minecraft:mob_kills":7,"minecraft:damage_dealt":1092,"minecraft:swim_one_cm":132,"minecraft:interact_with_crafting_table":6,"minecraft:fly_one_cm":444,"minecraft:crouch_one_cm":887,"minecraft:play_time":43806,"minecraft:deaths":2,"minecraft:sneak_time":118,"minecraft:walk_under_water_one_cm":12428,"minecraft:jump":392,"minecraft:time_since_death":7068,"minecraft:walk_on_water_one_cm":13140,"minecraft:sleep_in_bed":3,"minecraft:climb_one_cm":2770,"minecraft:total_world_time":43806,"minecraft:fall_one_cm":3228},"minecraft:broken":{"minecraft:stone_pickaxe":1},"minecraft:mined":{"minecraft:dandelion":4,"minecraft:cornflower":3,"minecraft:short_grass":82,"minecraft:poppy":1,"minecraft:grass_block":6,"minecraft:melon":6,"minecraft:cocoa":3,"minecraft:vine":6,"minecraft:dirt":42,"minecraft:tall_grass":3,"minecraft:bamboo":9,"minecraft:stone":4,"minecraft:oxeye_daisy":3,"minecraft:oak_leaves":9,"minecraft:fern":19},"minecraft:killed":{"minecraft:horse":1,"minecraft:pig":2,"minecraft:cow":4},"minecraft:killed_by":{"minecraft:skeleton":1},"minecraft:crafted":{"minecraft:stick":4,"minecraft:stone_pickaxe":1,"minecraft:bread":1},"minecraft:picked_up":{"minecraft:cocoa_beans":9,"minecraft:wheat":3,"minecraft:cooked_porkchop":1,"minecraft:jungle_log":1,"minecraft:leather":7,"minecraft:dandelion":4,"minecraft:porkchop":5,"minecraft:jungle_planks":22,"minecraft:cornflower":3,"minecraft:dirt":36,"minecraft:bone":2,"minecraft:arrow":1,"minecraft:wheat_seeds":6,"minecraft:beef":6,"minecraft:stone_pickaxe":1,"minecraft:poppy":1,"minecraft:wooden_shovel":1,"minecraft:bamboo":56,"minecraft:oak_sapling":2,"minecraft:melon_slice":51,"minecraft:cobblestone":17,"minecraft:oxeye_daisy":2}},"DataVersion":3953}