{"stats":{"minecraft:used":{"minecraft:wooden_shovel":18},"minecraft:custom":{"minecraft:time_since_rest":2308,"minecraft:deaths":1,"minecraft:crouch_one_cm":539,"minecraft:play_time":7806,"minecraft:sprint_one_cm":834,"minecraft:walk_one_cm":62728,"minecraft:damage_taken":263,"minecraft:sneak_time":76,"minecraft:walk_under_water_one_cm":4578,"minecraft:jump":63,"minecraft:damage_dealt":120,"minecraft:walk_on_water_one_cm":2726,"minecraft:time_since_death":2067,"minecraft:total_world_time":7806,"minecraft:climb_one_cm":441,"minecraft:swim_one_cm":132,"minecraft:fly_one_cm":281,"minecraft:fall_one_cm":952},"minecraft:mined":{"minecraft:short_grass":45,"minecraft:grass_block":3,"minecraft:melon":6,"minecraft:bamboo":8,"minecraft:oak_leaves":9,"minecraft:fern":14},"minecraft:picked_up":{"minecraft:arrow":1,"minecraft:bone":2,"minecraft:jungle_log":1,"minecraft:wheat_seeds":4,"minecraft:wooden_shovel":1,"minecraft:bamboo":53,"minecraft:oak_sapling":2,"minecraft:melon_slice":28,"minecraft:dirt":1}},"DataVersion":3953}