{"stats":{"minecraft:used":{"minecraft:stone_pickaxe":111,"minecraft:wooden_shovel":25,"minecraft:jungle_planks":1},"minecraft:custom":{"minecraft:time_since_rest":14130,"minecraft:sprint_one_cm":2737,"minecraft:damage_taken":303,"minecraft:walk_one_cm":253997,"minecraft:mob_kills":6,"minecraft:damage_dealt":978,"minecraft:swim_one_cm":132,"minecraft:interact_with_crafting_table":4,"minecraft:fly_one_cm":321,"minecraft:crouch_one_cm":838,"minecraft:play_time":31806,"minecraft:deaths":1,"minecraft:sneak_time":110,"minecraft:walk_under_water_one_cm":7661,"minecraft:jump":275,"minecraft:time_since_death":26067,"minecraft:walk_on_water_one_cm":5342,"minecraft:sleep_in_bed":2,"minecraft:climb_one_cm":2770,"minecraft:total_world_time":31806,"minecraft:fall_one_cm":2392},"minecraft:broken":{"minecraft:stone_pickaxe":1},"minecraft:mined":{"minecraft:short_grass":65,"minecraft:grass_block":3,"minecraft:melon":6,"minecraft:cocoa":3,"minecraft:vine":6,"minecraft:dirt":34,"minecraft:tall_grass":3,"minecraft:bamboo":9,"minecraft:stone":4,"minecraft:oak_leaves":9,"minecraft:fern":19},"minecraft:killed":{"minecraft:horse":1,"minecraft:pig":1,"minecraft:cow":4},"minecraft:crafted":{"minecraft:stick":4,"minecraft:stone_pickaxe":1},"minecraft:picked_up":{"minecraft:cocoa_beans":9,"minecraft:cooked_porkchop":1,"minecraft:jungle_log":1,"minecraft:leather":7,"minecraft:porkchop":3,"minecraft:jungle_planks":22,"minecraft:dirt":26,"minecraft:bone":2,"minecraft:arrow":1,"minecraft:wheat_seeds":5,"minecraft:beef":6,"minecraft:stone_pickaxe":1,"minecraft:wooden_shovel":1,"minecraft:bamboo":56,"minecraft:oak_sapling":2,"minecraft:melon_slice":51,"minecraft:cobblestone":17}},"DataVersion":3953}