{"stats":{"minecraft:used":{"minecraft:stone_pickaxe":15,"minecraft:wooden_shovel":25},"minecraft:custom":{"minecraft:time_since_rest":2130,"minecraft:deaths":1,"minecraft:crouch_one_cm":678,"minecraft:play_time":19806,"minecraft:sprint_one_cm":1991,"minecraft:walk_one_cm":145561,"minecraft:damage_taken":293,"minecraft:sneak_time":93,"minecraft:walk_under_water_one_cm":4578,"minecraft:jump":143,"minecraft:damage_dealt":280,"minecraft:walk_on_water_one_cm":2726,"minecraft:time_since_death":14067,"minecraft:sleep_in_bed":2,"minecraft:total_world_time":19806,"minecraft:climb_one_cm":1163,"minecraft:interact_with_crafting_table":1,"minecraft:swim_one_cm":132,"minecraft:fly_one_cm":321,"minecraft:fall_one_cm":1161},"minecraft:mined":{"minecraft:short_grass":62,"minecraft:grass_block":3,"minecraft:melon":6,"minecraft:dirt":34,"minecraft:bamboo":8,"minecraft:stone":4,"minecraft:oak_leaves":9,"minecraft:fern":18},"minecraft:picked_up":{"minecraft:arrow":1,"minecraft:bone":2,"minecraft:cooked_porkchop":1,"minecraft:jungle_log":1,"minecraft:wheat_seeds":5,"minecraft:stone_pickaxe":1,"minecraft:jungle_planks":22,"minecraft:wooden_shovel":1,"minecraft:bamboo":53,"minecraft:oak_sapling":2,"minecraft:melon_slice":28,"minecraft:dirt":26,"minecraft:cobblestone":17}},"DataVersion":3953}