{"stats":{"minecraft:used":{"minecraft:stone_sword":33,"minecraft:stone_shovel":1,"minecraft:stone_pickaxe":188,"minecraft:wooden_shovel":25,"minecraft:dirt":1,"minecraft:jungle_planks":1,"minecraft:stone_axe":44},"minecraft:custom":{"minecraft:interact_with_furnace":2,"minecraft:mob_kills":9,"minecraft:interact_with_crafting_table":14,"minecraft:leave_game":1,"minecraft:time_since_death":47889,"minecraft:sleep_in_bed":3,"minecraft:climb_one_cm":3649,"minecraft:time_since_rest":43708,"minecraft:sprint_one_cm":5851,"minecraft:damage_taken":696,"minecraft:walk_one_cm":538008,"minecraft:drop":45,"minecraft:damage_dealt":1439,"minecraft:swim_one_cm":132,"minecraft:fly_one_cm":1060,"minecraft:open_chest":1,"minecraft:crouch_one_cm":1045,"minecraft:play_time":84627,"minecraft:deaths":2,"minecraft:sneak_time":132,"minecraft:walk_under_water_one_cm":12428,"minecraft:jump":797,"minecraft:walk_on_water_one_cm":19216,"minecraft:total_world_time":84627,"minecraft:fall_one_cm":5905},"minecraft:broken":{"minecraft:stone_pickaxe":2},"minecraft:mined":{"minecraft:large_amethyst_bud":4,"minecraft:tuff":1,"minecraft:flowering_azalea":1,"minecraft:amethyst_cluster":2,"minecraft:dandelion":4,"minecraft:clay":33,"minecraft:cornflower":3,"minecraft:glow_lichen":2,"minecraft:cave_vines_plant":1,"minecraft:short_grass":85,"minecraft:grass_block":6,"minecraft:poppy":1,"minecraft:melon":6,"minecraft:tall_grass":3,"minecraft:copper_ore":10,"minecraft:moss_block":6,"minecraft:oxeye_daisy":3,"minecraft:amethyst_block":14,"minecraft:moss_carpet":1,"minecraft:cocoa":3,"minecraft:vine":6,"minecraft:dirt":57,"minecraft:bamboo":9,"minecraft:stone":5,"minecraft:oak_leaves":9,"minecraft:deepslate":1,"minecraft:fern":19},"minecraft:killed":{"minecraft:pig":2,"minecraft:horse":1,"minecraft:skeleton":2,"minecraft:cow":4},"minecraft:dropped":{"minecraft:moss_block":6,"minecraft:wheat_seeds":1,"minecraft:cobbled_deepslate":1,"minecraft:raw_copper":36,"minecraft:tuff":1,"minecraft:cobblestone":2,"minecraft:amethyst_block":13,"minecraft:torch":1,"minecraft:bone":2},"minecraft:killed_by":{"minecraft:skeleton":1},"minecraft:crafted":{"minecraft:iron_helmet":1,"minecraft:bread":1,"minecraft:iron_chestplate":1,"minecraft:stick":4,"minecraft:iron_ingot":6,"minecraft:stone_pickaxe":1},"minecraft:picked_up":{"minecraft:wooden_axe":2,"minecraft:cocoa_beans":9,"minecraft:wheat":3,"minecraft:clay_ball":132,"minecraft:jungle_log":1,"minecraft:leather":7,"minecraft:wooden_pickaxe":1,"minecraft:tuff":1,"minecraft:amethyst_block":14,"minecraft:moss_carpet":1,"minecraft:cornflower":3,"minecraft:dirt":51,"minecraft:raw_copper":73,"minecraft:wooden_sword":1,"minecraft:bone":6,"minecraft:wheat_seeds":6,"minecraft:cobbled_deepslate":1,"minecraft:iron_ingot":8,"minecraft:beef":6,"minecraft:stone_pickaxe":2,"minecraft:poppy":1,"minecraft:wooden_shovel":2,"minecraft:bamboo":56,"minecraft:moss_block":6,"minecraft:melon_slice":51,"minecraft:flowering_azalea":1,"minecraft:cooked_porkchop":1,"minecraft:big_dripleaf":2,"minecraft:torch":4,"minecraft:dandelion":4,"minecraft:porkchop":5,"minecraft:jungle_planks":25,"minecraft:amethyst_shard":8,"minecraft:rotten_flesh":2,"minecraft:stone_shovel":1,"minecraft:stone_sword":1,"minecraft:arrow":5,"minecraft:stone_axe":1,"minecraft:oak_sapling":2,"minecraft:cobblestone":19,"minecraft:oxeye_daisy":2}},"DataVersion":3953}